,ticker,security,outlook,rating,use,trust,upward_trend,outlook_date,revenue,rev_change_percent,profit ,profit_change_percent,assets,market_value,sector_y,industry_y,webscrape_date,net_income,ft_employee,div_yield,three_year,five_year,ten_year,alcohol,adult,gambling,tobacco,controversial_weapons,small_arms,military_contracting,coal,net_per_emp
0,012330.KS,Hyundai Mobis,,,,,,,,,,,,,Consumer Cyclical,Auto Parts,9/12/20,,,1.77,,,,,,,,,,,,
1,161390.KS,Hankook Tire and Tech,,,,,,,,,,,,,Consumer Cyclical,Auto Parts,9/12/20,,,1.78,,,,,,,,,,,,
2,2020:HK,Anta Sports Products Ltd,,,,,,,,,,,,,,,9/12/20,,,,,,,,,,,,,,,
3,2502.T,Asahi Group Holdings,,,,,,,,,,,,,Consumer Defensive,Beverages—Brewers,9/12/20,,29327.0,2.79,,,,,,,,,,,,
4,2587.T,Suntory Beverage and Food Limited,,,,,,,,,,,,,Consumer Defensive,Beverages—Brewers,9/12/20,,24213.0,1.96,,,,,,,,,,,,
5,3382.T,Seven and I Holdings,,,,,,,,,,,,,Consumer Defensive,Grocery Stores,9/12/20,,57270.0,2.89,,,,,,,,,,,,
6,4503.T,Astellas Pharma Inc,,,,,,,,,,,,,Healthcare,Drug Manufacturers—General,9/12/20,,15883.0,2.59,,,,,,,,,,,,
7,4543.T,Terumo Corp,,,,,,,,,,,,,Healthcare,Medical Instruments & Supplies,9/12/20,,26438.0,0.63,,,,,,,,,,,,
8,4901.T,Fujifilm Holdings Corp,,,,,,,,,,,,,Industrials,Business Equipment & Supplies,9/12/20,,73906.0,1.89,,,,,,,,,,,,
9,5108.T,Bridgestone Corp,,,,,,,,,,,,,Consumer Cyclical,Auto Parts,9/12/20,,143589.0,2.86,,,,,,,,,,,,
10,600276.SS,Jiangsu Hengrui Medicine,,,,,,,,,,,,,Healthcare,Drug Manufacturers—General,9/12/20,,24431.0,0.21,,,,,,,,,,,,
11,6471.T,NSK Ltd,,,,,,,,,,,,,Consumer Cyclical,Auto Parts,9/12/20,,30747.0,2.24,,,,,,,,,,,,
12,6594:JP,Nidec Corp,,,,,,,,,,,,,,,9/12/20,,,,,,,,,,,,,,,
13,6861:JP,Keyence Corp,,,,,,,,,,,,,,,9/12/20,,,,,,,,,,,,,,,
14,6902.T,Denso Corp,,,,,,,,,,,,,Consumer Cyclical,Auto Parts,9/12/20,,170932.0,3.09,,,,,,,,,,,,
15,6988.T,Nitto Denko Corp,,,,,,,,,,,,,Basic Materials,Specialty Chemicals,9/12/20,,25793.0,3.02,,,,,,,,,,,,
16,7751.T,Canon Inc,,,,,,,,,,,,,Technology,Computer Hardware,9/12/20,,187041.0,4.55,,,,,,,,,,,,
17,8035.T,Tokyo Electron Limited,,,,,,,,,,,,,Technology,Semiconductor Equipment & Materials,9/12/20,,13837.0,2.77,,,,,,,,,,,,
18,9020.T,East Japan Railway Company,,,,,,,,,,,,,Industrials,Railroads,9/12/20,,71812.0,2.31,,,,,,,,,,,,
19,9983.T,Fast Retailing Co,,,,,,,,,,,,,Consumer Cyclical,Apparel Retail,9/12/20,,56523.0,0.71,,,,,,,,,,,,
20,A,Agilent Technologies,79.0,,,,,8/4/18,,,,,,,Healthcare,Diagnostics & Research,9/12/20,,16300.0,0.73,14.94,23.02,15.04,,,,,,,,,
21,AA,Alcoa,,,,,,,13403000000.0,0.15,227000000.0,0.046,15938000000.0,5224100000,Basic Materials,Aluminum,9/12/20,,13800.0,0.0,-31.56,,,,,,,,,,,
22,AAGIY,AIA Group,,,,,,,,,,,,,Financial Services,Insurance—Life,9/12/20,,23000.0,0.88,12.1,14.73,,,,,,,,,,
23,AAL,American Airlines Group,61.0,,,,,8/4/18,44541000000.0,0.055,1412000000.0,-0.264,60580000000.0,14262000000,Industrials,Airlines,9/12/20,,107400.0,3.08,-32.75,-18.94,-0.68,,,,,,,,,
24,AAL.L,Anglo American plc,,,,,,,,,,,,,Basic Materials,Other Industrial Metals & Mining,9/12/20,,63000.0,3.14,,,,,,,,,,,,
25,AAP,Advance Auto Parts,34.0,,,,,8/4/18,9580600000.0,0.022,423800000.0,-0.109,9040600000.0,12221900000,Consumer Cyclical,Specialty Retail,9/12/20,,39000.0,0.65,18.15,-2.23,10.87,,,,,,,,,
26,AAPL,Apple,70.0,,,,yes,8/4/18,266000000000.0,0.159,59531000000.0,0.231,366000000000.0,8.96E+11,Technology,Consumer Electronics,9/12/20,,137000.0,0.72,41.43,32.22,28.65,,,,,,,,,
27,AB,AllianceBernstein,,,,,,,,,,,,,Financial Services,Asset Management,9/12/20,,3811.0,9.09,14.06,8.07,6.27,,,,,,,,,
28,ABBV,AbbVie,66.0,,,,yes,8/4/18,32753000000.0,0.161,5687000000.0,0.071,59352000000.0,1.19E+11,Healthcare,Drug Manufacturers—General,9/12/20,,47000.0,5.26,5.36,12.4,,,,,,,,,,
29,ABC,AmerisourceBergen,49.0,,,,,8/4/18,168000000000.0,0.097,1658400000.0,3.55,37669800000.0,16785900000,Healthcare,Medical Distribution,9/12/20,,22000.0,1.78,5.42,-0.52,14.0,,,,,,,,,
30,ABG,Asbury Automotive Group,60.0,3.8,,,maybe,9/8/19,6874400000.0,0.065,168000000.0,0.208,2695400000.0,1352500000,Consumer Cyclical,Auto & Truck Dealerships,9/12/20,,8500.0,0.0,22.47,5.19,23.41,,,,,,,,,
31,ABM,ABM Industries,,,,,,,6442200000.0,0.181,97800000.0,24.737,3627500000.0,2407800000,Industrials,Specialty Business Services,9/12/20,,140000.0,1.96,-2.23,5.97,7.03,,,,,,,,,
32,ABMD,Abiomed Inc,,,,,,,,,,,,,Healthcare,Medical Devices,9/12/20,,1536.0,0.0,19.57,23.06,39.25,,,,,,,,,
33,ABR,"Arbor Realty Trust, Inc.",58.0,,,,,8/4/18,,,,,,,Real Estate,REIT—Mortgage,9/12/20,,532.0,10.77,22.2,20.96,14.52,,,,,,,,,
34,ABS,Albertsons,,,,,no,,59924600000.0,0.004,46300000.0,-,21812300000.0,#VALUE!,,,9/12/20,,275000.0,,,,,,,,,,,,,
35,ABT,Abbott Laboratories,58.0,,,,,8/4/18,30578000000.0,0.116,2368000000.0,3.964,67173000000.0,1.40E+11,Healthcare,Medical Devices,9/12/20,,107000.0,1.38,27.4,20.55,11.31,,,,,,,,,
36,ACB,Aurora Cannabis Inc.,,,,,,,,,,,,,Healthcare,Drug Manufacturers—Specialty & Generic,9/12/20,,2779.0,0.0,-36.01,17.84,,,,,,,,,,
37,ACIW,ACI Worldwide,,,,,,,,,,,,,Technology,Software—Infrastructure,9/12/20,,4018.0,0.0,2.25,2.74,13.6,,,,,,,,,
38,ACM,AECOM,44.0,3.2,,,,9/8/19,20155500000.0,0.107,136500000.0,-0.598,14681100000.0,4631300000,Industrials,Engineering & Construction,9/12/20,,86000.0,0.0,4.68,7.01,4.8,,,,,,,,,
39,ACN,Accenture plc,70.0,,,,yes,8/4/18,,,,,,,Technology,Information Technology Services,9/12/20,,513000.0,1.37,21.37,20.58,20.76,,,,,,,,,
40,ADANIPORTS.NS,Adani Ports and Special Economic Zone Limited,,,,,,,,,,,,,Industrials,Marine Shipping,9/12/20,,2266.0,1.0,,,,,,,,,,,,
41,ADBE,Adobe Systems,86.0,,,,yes,8/4/18,9030000000.0,0.237,2590800000.0,0.529,18768700000.0,1.30E+11,Technology,Software—Infrastructure,9/12/20,,22634.0,0.0,44.3,42.87,30.78,,,,,,,,,
42,ADI,Analog Devices,78.0,,,,yes,8/4/18,6200900000.0,0.214,1495400000.0,1.056,20449800000.0,38772400000,Technology,Semiconductors,9/12/20,,16400.0,2.17,13.49,17.01,16.63,,,,,,,,,
43,ADM,Archer Daniels Midland,59.0,,,,,8/4/18,64341000000.0,0.058,1810000000.0,0.135,40833000000.0,24156700000,Consumer Defensive,Farm Products,9/12/20,,38100.0,3.13,6.05,4.54,5.81,,,,,,,,,
44,ADP,Automatic Data Processing,57.0,,,,,8/4/18,13325800000.0,0.076,1620800000.0,-0.065,37088700000.0,69587500000,Industrials,Staffing & Employment Services,9/12/20,,58000.0,2.76,9.95,13.47,15.37,,,,,,,,,
45,ADS,Alliance Data Systems,56.0,,,,,8/4/18,7791200000.0,0.009,963100000.0,0.221,30387700000.0,9273500000,Financial Services,Credit Services,9/12/20,,8500.0,1.84,-38.25,-26.69,-1.39,,,,,,,,,
46,ADSK,Autodesk,64.0,,,,yes,8/4/18,,,,,,,Technology,Software—Application,9/12/20,,10100.0,0.0,25.0,37.49,22.07,,,,,,,,,
47,ADYEY,Adyen,,,,,,,,,,,,,Technology,Software—Infrastructure,9/12/20,,1448.0,0.0,,,,,,,,,,,,
48,AEE,Ameren,67.0,,,,,8/4/18,6291000000.0,0.018,815000000.0,0.558,27215000000.0,18050600000,Utilities,Utilities—Regulated Electric,9/12/20,,9323.0,2.59,10.75,17.18,12.93,,,,,,,,,
49,AEIS,Advanced Energy Industries,63.0,,,,,8/4/18,,,,,,,Industrials,Electrical Equipment & Parts,9/12/20,,10917.0,0.0,-7.35,18.49,15.32,,,,,,,,,
50,AEO,American Eagle Outfitters,47.0,,,,,8/4/18,,,,,,,Consumer Cyclical,Apparel Retail,9/12/20,,8000.0,1.03,7.26,0.16,3.63,,,,,,,,,
51,AEP,American Electric Power,72.0,,,,,8/4/18,16195700000.0,0.05,1923800000.0,0.006,68802800000.0,41312800000,Utilities,Utilities—Regulated Electric,9/12/20,,17408.0,3.57,5.33,11.27,10.73,,,,,,,,,
52,AES,AES,50.0,,,,,8/4/18,10736000000.0,-0.225,1203000000.0,-,32521000000.0,11975400000,Utilities,Utilities—Diversified,9/12/20,,8000.0,3.3,19.46,12.79,6.64,,,,,,,,,
53,AFG,American Financial Group,74.0,3.5,,,,9/8/19,7150000000.0,0.042,530000000.0,0.116,63456000000.0,8592700000,Financial Services,Insurance—Property & Casualty,9/12/20,,7700.0,2.98,-6.81,4.53,12.16,,,,,,,,,
54,AFL,Aflac,50.0,,,,,8/4/18,21758000000.0,0.004,2920000000.0,-0.366,140000000000.0,37442500000,Financial Services,Insurance—Life,9/12/20,,11729.0,3.09,-1.36,7.25,5.83,,,,,,,,,
55,AGCO,AGCO,56.0,3.7,,,yes,9/8/19,9352000000.0,0.126,285500000.0,0.532,7626400000.0,5335400000,Industrials,Farm & Heavy Construction Machinery,9/12/20,,20961.0,0.85,3.88,10.58,7.63,,,,,,,,,
56,AGN,"Allergan, Plc",46.0,,,,,8/4/18,,,,,,,Healthcare,Drug Manufacturers - Specialty & Generic,9/12/20,,,0.0,,,,,,,,,,,,
57,AGNC,Agnc Investment,,,,,,,,,,,,,Real Estate,REIT—Mortgage,9/12/20,,51.0,10.13,-2.28,5.22,5.04,,,,,,,,,
58,AIG,"American International Group, Inc.",37.0,,,,,8/4/18,47389000000.0,-0.043,-6000000.0,-,492000000000.0,37440100000,Financial Services,Insurance—Diversified,9/12/20,,46000.0,4.55,-19.05,-10.0,1.81,,,,,,,,,
59,AIR,AAR Corp.,61.0,,,,,8/4/18,,,,,,,Industrials,Aerospace & Defense,9/12/20,,4200.0,1.66,-18.5,-3.23,2.12,,,,,,,,,
60,AIV,Apartment Investment & Mgmt (Aimco),51.0,,,,,8/4/18,,,,,,,Real Estate,REIT—Residential,9/12/20,,950.0,4.61,-4.31,3.65,7.93,,,,,,,,,
61,AIZ,Assurant,38.0,,,,,8/4/18,8057600000.0,0.256,251000000.0,-0.517,41089300000.0,5854300000,Financial Services,Insurance—Specialty,9/12/20,,13600.0,2.13,10.48,11.09,13.12,,,,,,,,,
62,AJG,Arthur J. Gallagher,52.0,,,,,8/4/18,6934000000.0,0.126,633500000.0,0.368,16334000000.0,14466100000,Financial Services,Insurance Brokers,9/12/20,,33000.0,1.77,21.2,21.22,16.42,,,,,,,,,
63,AKAM,Akamai Technologies,51.0,,,,,8/4/18,,,,,,,Technology,Software—Infrastructure,9/12/20,,7951.0,0.0,31.84,7.36,7.96,,,,,,,,,
64,AKS,AK Steel Holding,,,,,,,6818200000.0,0.121,186000000.0,29,4515700000.0,869800000,Basic Materials,Steel,9/12/20,,9500.0,0.0,,,,,,,,,,,,
65,ALB,Albemarle,66.0,,,,,8/4/18,,,,,,,Basic Materials,Specialty Chemicals,9/12/20,,6000.0,1.65,-7.14,19.33,9.95,,,,,,,,,
66,ALE,"ALLETE, Inc.",,,,,,,,,,,,,Utilities,Utilities—Diversified,9/12/20,,1332.0,4.9,-9.98,5.16,7.14,,,,,,,,,
67,ALGN,AlignTech (Invisalign),84.0,,,,yes,8/4/18,,,,,,,Healthcare,Medical Devices,9/12/20,,14530.0,0.0,19.94,41.73,33.38,,,,,,,,,
68,ALK,Alaska Air Group,70.0,,,,,8/4/18,8264000000.0,0.042,437000000.0,-0.577,10912000000.0,6937100000,Industrials,Airlines,9/12/20,,19155.0,0.0,-16.7,-10.93,15.1,,,,,,,,,
69,ALKS,Alkermes,,,,,,,,,,,,,Healthcare,Biotechnology,9/12/20,,2235.0,0.0,-30.77,-24.5,2.21,,,,,,,,,
70,ALL,Allstate,55.0,,,,,8/4/18,39815000000.0,0.034,2252000000.0,-0.294,112000000000.0,31264300000,Financial Services,Insurance—Property & Casualty,9/12/20,,45780.0,2.33,2.99,11.98,13.64,,,,,,,,,
71,ALLE,Allegion,49.0,,,,,8/4/18,,,,,,,Industrials,Security & Protection Services,9/12/20,,11000.0,1.32,7.55,10.93,,,,,,,,,,
72,ALLY,Ally Financial,54.0,3.4,,,no,9/8/19,10466000000.0,0.061,1263000000.0,0.36,179000000000.0,11025300000,Financial Services,Credit Services,9/12/20,,8700.0,3.15,4.72,4.72,,,,,,,,,,
73,ALO.PA,Alstom SA,,,,,,,,,,,,,Industrials,Specialty Industrial Machinery,9/12/20,,38879.0,0.0,,,,,,,,,,,,
74,ALV,Autoliv,56.0,3.7,,,,9/8/19,9801100000.0,-0.056,190400000.0,-0.554,6721600000.0,6413400000,Consumer Cyclical,Auto Parts,9/12/20,,58092.0,0.0,4.54,4.34,9.06,,,,,,,,,
75,ALXN,Alexion Pharmaceuticals,33.0,,,,,8/4/18,,,,,,,Healthcare,Biotechnology,9/12/20,,3082.0,0.0,-9.67,-9.33,13.26,,,,,,,,,
76,AMAT,Applied Materials,78.0,,,,no,8/4/18,17253000000.0,0.187,3313000000.0,-0.035,17773000000.0,37652900000,Technology,Semiconductor Equipment & Materials,9/12/20,,23600.0,1.6,7.91,30.24,18.82,,,,,,,,,
77,AMBA,"Ambarella, Inc.",,,,,no,,,,,,,,Technology,Semiconductor Equipment & Materials,9/12/20,,761.0,0.0,4.15,-4.8,,,,,,,,,,
78,AMCX,AMC Networks,22.0,,,,,8/4/18,,,,,,,Communication Services,Broadcasting,9/12/20,,2114.0,0.0,-28.13,-22.18,,,,,,,,,,
79,AMD,Advanced Micro Devices,52.0,,,,no,8/4/18,6475000000.0,0.215,337000000.0,6.837,4556000000.0,27601500000,Technology,Semiconductors,9/12/20,,11400.0,0.0,82.54,106.97,29.38,,,,,,,,,
80,AME,Ametek,25.0,,,,,8/4/18,,,,,,,Industrials,Specialty Industrial Machinery,9/12/20,,18100.0,0.73,16.46,14.0,17.87,,,,,,,,,
81,AMG,Affiliated Managers Group,57.0,,,,,8/4/18,,,,,,,Financial Services,Asset Management,9/12/20,,4000.0,0.06,-26.79,-16.81,-0.38,,,,,,,,,
82,AMGN,Amgen,59.0,,,,,8/4/18,23747000000.0,0.039,8394000000.0,3.242,66416000000.0,1.18E+11,Healthcare,Drug Manufacturers - Major,9/12/20,,21500.0,2.66,11.75,11.87,17.69,,,,,,,,,
83,AMID,American Midstream Partners LP,18.0,,,,,8/4/18,,,,,,,Basic Materials,Oil & Gas Pipelines,9/12/20,,,,,,,,,,,,,,,
84,AMP,Ameriprise Financial,66.0,3.7,,,maybe,9/8/19,12924000000.0,0.07,2098000000.0,0.418,137000000000.0,17345100000,Financial Services,Asset Management,9/12/20,,12500.0,2.77,6.15,9.06,14.19,,,,,,,,,
85,AMRK,A-Mark Precious Metals,,,,,,,7606200000.0,0.088,-3400000.0,-1.479,743000000.0,83700000,Financial Services,Capital Markets,9/12/20,,184.0,0.0,22.8,25.75,,,,,,,,,,
86,AMT,American Tower,57.0,,,,,8/4/18,7440100000.0,0.116,1236400000.0,-0.002,33010400000.0,86930000000,Real Estate,REIT—Specialty,9/12/20,,5454.0,1.67,21.2,24.28,18.56,,,,,,,,,
87,AMTD,TD Ameritrade Holding,57.0,,,,maybe,8/4/18,,,,,,,Financial Services,Capital Markets,9/12/20,,9056.0,3.31,-1.79,4.81,11.52,,,,,,,,,
88,AMZN,Amazon.com,71.0,3.8,,,yes,9/8/19,233000000000.0,0.309,10073000000.0,2.321,163000000000.0,8.75E+11,Consumer Cyclical,Internet Retail,9/12/20,,798000.0,0.0,47.15,42.55,36.14,,,,,,,,,
89,AN,AutoNation,39.0,,,,,8/4/18,21412800000.0,-0.006,396000000.0,-0.089,10665100000.0,3216900000,Consumer Cyclical,Auto & Truck Dealerships,9/12/20,,25000.0,0.0,6.39,-1.33,8.93,,,,,,,,,
90,ANDV,Andeavor,70.0,,,,,8/4/18,,,,,,,Energy,Oil & Gas Refining & Marketing,9/12/20,,,,,,,,,,,,,,,
91,ANF,Abercrombie & Fitch,32.0,,,,,8/4/18,,,,,,,Consumer Cyclical,Apparel Retail,9/12/20,,8000.0,0.0,6.03,-1.74,-4.66,,,,,,,,,
92,ANGI,ANGI Homeservices Inc,,,,,,8/4/18,,,,,,,Communication Services,Internet Content & Information,9/12/20,,5000.0,0.0,-0.53,18.91,,,,,,,,,,
93,ANTM,Anthem,54.0,3.4,,,maybe,9/8/19,,,,,,,Healthcare,Healthcare Plans,9/12/20,,70600.0,1.46,10.97,13.17,17.72,,,,,,,,,
94,ANTO.L,Antofagasta Plc,,,,,,,,,,,,,Basic Materials,Copper,9/12/20,,6532.0,0.96,,,,,,,,,,,,
95,AON,Aon plc,51.0,,,,,8/4/18,,,,,,,Financial Services,Insurance Brokers,9/12/20,,50000.0,0.87,13.12,18.03,18.88,,,,,,,,,
96,APA,Apache,42.0,,,,,8/4/18,7424000000.0,0.156,40000000.0,-0.969,21582000000.0,13011600000,Energy,Oil & Gas E&P,9/12/20,,3163.0,0.83,-28.66,-16.38,-14.18,,,,,,,,,
97,APC,Anadarko Petroleum,46.0,,,,,8/4/18,13382000000.0,0.124,615000000.0,-,40376000000.0,22828200000,Energy,Oil & Gas E&P,9/12/20,,4700.0,,,,,,,,,,,,,
98,APD,Air Products & Chemicals,46.0,,,,,8/4/18,8930200000.0,0.058,1497800000.0,-0.501,19178300000.0,41940800000,Basic Materials,Chemicals,9/12/20,,17440.0,1.82,28.15,19.37,16.01,0.0,0.0,0.0,0.0,,0.0,0.0,0.0,
99,APH,Amphenol,47.0,,,,,8/4/18,8202000000.0,0.17,1205000000.0,0.852,10044900000.0,28151400000,Technology,Electronic Components,9/12/20,,74000.0,0.96,9.31,15.95,16.91,,,,,,,,,
100,APRN,Blue Apron,,,,,,,,,,,,,Consumer Cyclical,Internet Retail,9/12/20,,1783.0,0.0,-55.32,,,,,,,,,,,
101,AR,Antero Resources Corporation,,,,,,,,,,,,,Energy,Oil & Gas E&P,9/12/20,,524.0,0.0,-48.29,-35.67,,,,,,,,,,
102,ARAY,Accuray Incorporated,,,,,,,,,,,,,Healthcare,Medical Devices,9/12/20,,932.0,0.0,-18.34,-18.97,-9.36,,,,,,,,,
103,ARLP,Alliance Resource Partners L.P.,43.0,,,,,8/4/18,,,,,,,Energy,Thermal Coal,9/12/20,,3602.0,0.0,-23.07,-12.96,-1.99,,,,,,,,,
104,ARMK,Aramark,,,,,,,15789600000.0,0.081,567900000.0,0.519,13720100000.0,7278100000,Consumer Cyclical,Restaurants,9/12/20,,183300.0,1.59,-11.11,-1.36,,,,,,,,,,
105,ARNC,Arconic,36.0,,,,,8/4/18,14014000000.0,0.081,642000000.0,-,18693000000.0,8658400000,Industrials,Specialty Industrial Machinery,9/12/20,,15400.0,0.0,,,,,,,,,,,,
106,ARRY,Array BioPharma Inc.,,,,,,,,,,,,,,,9/12/20,,,,,,,,,,,,,,,
107,ARW,Arrow Electronics,,,,,,,29676800000.0,0.107,716200000.0,0.782,17784400000.0,6564400000,Technology,Electronics & Computer Distribution,9/12/20,,19300.0,0.0,0.42,7.09,12.27,,,,,,,,,
108,ARX.TO,ARC Resources Ltd.,,,,,,,,,,,,,Energy,Oil & Gas E&P,9/12/20,,438.0,4.05,,,,,,,,,,,,
109,ASML,ASML Holding ADR,79.0,,,,maybe,8/4/18,,,,,,,Technology,Semiconductor Equipment & Materials,9/12/20,,24330.0,0.82,31.0,32.07,26.89,,,,,,,,,
110,ASNA,Ascena Retail Group,,,,,,,6578300000.0,-0.011,-39700000.0,-,3570500000.0,213400000,Consumer Cyclical,Apparel Stores,9/12/20,,39500.0,0.0,,,,,,,,,,,,
111,ASSA-B.ST,ASSA Abloy AB,,,,,,,,,,,,,Industrials,Security & Protection Services,9/12/20,,48033.0,1.0,,,,,,,,,,,,
112,ASX,Australian Services Exchange,,,,,no,,,,,,,,Technology,Semiconductors,9/12/20,,95448.0,0.0,-3.49,2.0,9.16,,,,,,,,,
113,ATHM,Autohome Inc.,,,,,,,,,,,,,Communication Services,Internet Content & Information,9/12/20,,4006.0,0.9,11.18,25.37,,,,,,,,,,
114,ATUS,Altice USA,,,,,,,9566600000.0,0.026,18800000.0,-0.988,33613800000.0,14708000000,Communication Services,Telecom Services,9/12/20,,10700.0,0.0,-0.6,,,,,,,,,,,
115,ATVI,Activision Blizzard,70.0,,,,,8/4/18,7500000000.0,0.069,1813000000.0,5.641,17835000000.0,34777400000,Communication Services,Electronic Gaming & Multimedia,9/12/20,,9080.0,0.52,6.13,22.27,21.9,,,,,,,,,
116,AVB,AvalonBay Communities,83.0,,,,,8/4/18,,,,,,,Real Estate,REIT—Residential,9/12/20,,3122.0,4.17,-3.8,1.5,6.41,,,,,,,,,
117,AVGO,Broadcom,60.0,3.5,,,yes,9/8/19,20848000000.0,0.181,12259000000.0,6.245,50124000000.0,1.19E+11,Technology,Semiconductors,9/12/20,,19000.0,3.64,16.14,24.59,35.79,,,,,,,,,
118,AVT,Avnet,37.0,3.3,,,,9/8/19,19036900000.0,-0.168,-156400000.0,-1.298,9596800000.0,4702500000,Technology,Electronics & Computer Distribution,9/12/20,,14600.0,3.06,-7.46,-6.19,2.72,,,,,,,,,
119,AVY,Avery Dennison,83.0,,,,,8/4/18,7159000000.0,0.082,467400000.0,0.659,5177500000.0,9488900000,Industrials,Business Equipment & Supplies,9/12/20,,28250.0,2.0,10.26,17.15,14.61,,,,,,,,,
120,AWK,American Water Works,38.0,,,,,8/4/18,,,,,,,Utilities,Utilities—Regulated Water,9/12/20,,6800.0,1.56,20.99,23.6,21.25,,,,,,,,,
121,AWR,American States Water Co.,,,,,,,,,,,,,Utilities,Utilities—Regulated Water,9/12/20,,841.0,1.81,14.26,15.51,17.31,,,,,,,,,
122,AXE,Anixter International,,,,,,,8400200000.0,0.06,156300000.0,0.434,4653100000.0,1878700000,Industrials,Industrial Distribution,9/12/20,,9300.0,0.0,,,,,,,,,,,,
123,AXL,American Axle & Manufacturing,,,,,,,7270400000.0,0.16,-57500000.0,-1.171,7510700000.0,1599000000,Consumer Cyclical,Auto Parts,9/12/20,,20000.0,0.0,-20.68,-17.32,-1.31,,,,,,,,,
124,AXP,American Express,57.0,,,,,8/4/18,43281000000.0,0.216,6921000000.0,1.53,189000000000.0,91675100000,Financial Services,Credit Services,9/12/20,,64000.0,1.67,8.03,7.91,11.07,,,,,,,,,
125,AXTA,Axalta Coating Systems Ltd,,,,,no,8/4/18,,,,,,,Basic Materials,Specialty Chemicals,9/12/20,,13000.0,0.0,-7.06,-3.89,,,,,,,,,,
126,AY,Atlantica Yield,,,,,,,,,,,,,Utilities,Utilities—Renewable,9/12/20,,425.0,6.11,15.02,12.17,,,,,,,,,,
127,AYI,Acuity Brands,40.0,,,,,8/4/18,,,,,,,Industrials,Electrical Equipment & Parts,9/12/20,,12000.0,0.5,-16.17,-10.86,10.47,,,,,,,,,
128,AYX,Alteryx,,,,,,,,,,,,,Technology,Software—Application,9/12/20,,1515.0,0.0,75.23,,,,,,,,,,,
129,AZO,AutoZone,42.0,,,,,8/4/18,11221100000.0,0.031,1337500000.0,0.044,9347000000.0,25487900000,Consumer Cyclical,Specialty Retail,9/12/20,,55680.0,0.0,31.71,11.16,18.94,,,,,,,,,
130,B4O2,Windstream Holdings,,,,,,,5713100000.0,-0.024,-723000000.0,-,10257900000.0,12900000,,,9/12/20,,11945.0,,-69.31,-29.7,-8.26,,,,,,,,,
131,BA,Boeing,53.0,,,,,8/4/18,101000000000.0,0.083,10460000000.0,0.276,117000000000.0,2.15E+11,Industrials,Aerospace & Defense,9/12/20,,161100.0,0.0,-9.43,6.93,12.08,,,,,,,,,
132,BABA,Alibaba,58.0,,,,,8/4/18,,,,,,,Consumer Cyclical,Internet Retail,9/12/20,,120535.0,0.0,15.99,33.26,,,,,,,,,,
133,BAC,Bank of America Corp.,55.0,,,,,8/4/18,111000000000.0,0.103,28147000000.0,0.544,2350000000000.0,2.66E+11,Financial Services,Banks—Diversified,9/12/20,,213000.0,2.86,5.41,11.73,7.65,,,,,,,,,
134,BAH,Booz Allen Hamilton Holding,62.0,,,,,8/4/18,6171900000.0,0.063,305100000.0,0.208,3603400000.0,8144400000,Industrials,Consulting Services,9/12/20,,27400.0,1.47,35.55,26.97,,,,,,,,,,
135,BAJFINANCE.NS,Bajaj Finance Limited,,,,,,,,,,,,,Financial Services,Credit Services,9/12/20,,26969.0,0.46,,,,,,,,,,,,
136,BAX,Baxter International,46.0,,,,,8/4/18,11127000000.0,0.054,1624000000.0,1.265,15641000000.0,41558900000,Healthcare,Medical Instruments & Supplies,9/12/20,,50000.0,1.18,10.0,19.18,11.33,,,,,,,,,
137,BBBY,Bed Bath & Beyond,28.0,,,,,8/4/18,12349300000.0,0.011,424900000.0,-0.38,7040800000.0,2335700000,Consumer Cyclical,Specialty Retail,9/12/20,,55000.0,17.94,-20.68,-25.14,-9.76,,,,,,,,,
138,BBT,BB&T Corp.,48.0,,,,,8/4/18,12996000000.0,0.069,3237000000.0,0.352,226000000000.0,35541000000,Financial Services,Banks - Regional - US,9/12/20,,35852.0,,51.83,54.31,-5.56,,,,,,,,,
139,BBVA,Banco Bilbao Vizcaya Argentaria,,,,,,,,,,,,,Financial Services,Banks—Diversified,9/12/20,,125041.0,15.87,,,,,,,,,,,,
140,BBY,Best Buy,62.0,,,,,8/4/18,42879000000.0,0.017,1464000000.0,0.464,12901000000.0,19030200000,Consumer Cyclical,Specialty Retail,9/12/20,,125000.0,2.05,26.28,24.82,13.42,,,,,,,,,
141,BCE,BCE Inc.,,,,,,,,,,,,,Communication Services,Telecom Services,9/12/20,,52100.0,5.87,1.44,6.01,7.39,,,,,,,,,
142,BCR,C.R. Bard,48.0,,,,,8/4/18,,,,,,,Health Care,Health Care Equipment,9/12/20,,,,,,,,,,,,,,,
143,BCSF,Bain Capital Specialty Finance,,,,,,,,,,,,,Financial Services,Asset Management,9/12/20,,,12.84,,,,,,,,,,,,
144,BDEV.L,Barratt Developments Plc,,,,,,,,,,,,,Consumer Cyclical,Residential Construction,9/12/20,,6700.0,0.0,,,,0.0,0.0,0.0,0.0,,0.0,0.0,0.0,
145,BDX,Becton Dickinson,50.0,,,,,8/4/18,15983000000.0,0.322,311000000.0,-0.717,53904000000.0,67193200000,Healthcare,Medical Instruments & Supplies,9/12/20,,65000.0,1.35,6.32,13.0,13.84,,,,,,,,,
146,BECN,Beacon Roofing Supply,,,,,,,6418300000.0,0.466,98600000.0,-0.022,6508700000.0,2201000000,Industrials,Building Products & Equipment,9/12/20,,8147.0,0.0,-14.83,-3.53,7.49,,,,,,,,,
147,BEN,Franklin Templeton Investments,56.0,,,,,8/4/18,6319100000.0,-0.011,764400000.0,-0.549,14383500000.0,16885200000,Financial Services,Asset Management,9/12/20,,9500.0,5.38,-14.37,-6.83,-0.82,,,,,,,,,
148,BEP,Brookfield Renewable Partners,53.0,3.9,,,,9/8/19,,,,,,,Utilities,Utilities—Renewable,9/12/20,,3000.0,3.86,21.81,20.62,14.05,,,,,,,,,
149,BERY,Berry Global Group,,,,,,,7869000000.0,0.109,496000000.0,0.459,9131000000.0,7024900000,Consumer Cyclical,Packaging & Containers,9/12/20,,47000.0,0.0,-2.95,11.28,,,,,,,,,,
150,BF-B,Brown-Forman,83.0,,,,yes,8/4/18,,,,,,,Consumer Defensive,Beverages—Wineries & Distilleries,9/12/20,,4800.0,0.88,,,,,,,,,,,,
151,BHF,Brighthouse Financial,,,,,,,8965000000.0,-,865000000.0,-,206000000000.0,4230200000,Financial Services,Insurance—Life,9/12/20,,1330.0,0.0,-18.8,,,,,,,,,,,
152,BHI,Baker Hughes,37.0,,,,,8/4/18,,,,,,,Energy,Oil & Gas Equipment & Services,9/12/20,,,,,,,,,,,,,,,
153,BHP,BHP Group,,,,,,,,,,,,,Basic Materials,Other Industrial Metals & Mining,9/12/20,,,4.18,13.35,14.11,1.32,,,,,,,,,
154,BIDU,Baidu,,,,,,,,,,,,,Communication Services,Internet Content & Information,9/12/20,,37779.0,0.0,-19.76,-3.49,3.64,,,,,,,,,
155,BIIB,Biogen,31.0,,,,,8/4/18,13452900000.0,0.096,4430700000.0,0.745,25288900000.0,46498000000,Healthcare,Drug Manufacturers—General,9/12/20,,7400.0,0.0,-6.15,-1.84,17.42,,,,,,,,,
156,BIP,Brookfield Infrastructure Partners,,,,,,,,,,,,,Utilities,Utilities—Diversified,9/12/20,,,4.2,8.06,18.58,18.04,,,,,,,,,
157,BITA,Bitauto Holdings Limited,,,,,,,,,,,,,Communication Services,Advertising Agencies,9/12/20,,6837.0,0.0,-25.78,-8.98,,,,,,,,,,
158,BJ,BJ's Wholesale Club,,,,,,,13007300000.0,0.02,127300000.0,1.53,3239300000.0,3776600000,Consumer Defensive,Discount Stores,9/12/20,,27231.0,0.0,,,,,,,,,,,,
159,BK,Bank of New York Mellon Corp.,47.0,,,,,8/4/18,19214000000.0,0.156,4266000000.0,0.043,363000000000.0,48152700000,Financial Services,Asset Management,9/12/20,,48300.0,3.49,-8.57,0.67,5.54,,,,,,,,,
160,BKEP,Blueknight Energy Partners L.P.,58.0,,,,,8/4/18,,,,,,,Energy,Oil & Gas Midstream,9/12/20,,270.0,11.27,-25.73,-10.76,-4.91,,,,,,,,,
161,BKI,Black Knight,,,,,,8/4/18,,,,,,,Technology,Software—Infrastructure,9/12/20,,4900.0,0.0,24.02,18.43,,,,,,,,,,
162,BKNG,Booking Holdings,,,,,,,14527000000.0,0.146,3998000000.0,0.708,22687000000.0,78543200000,Consumer Cyclical,Travel Services,9/12/20,,25000.0,0.0,-1.54,6.69,18.63,,,,,,,,,
163,BKS,Barnes & Noble,27.0,,,,,8/4/18,,,,,,,Consumer Cyclical,Specialty Retail,9/12/20,,,,,,,,,,,,,,,
164,BKU,"BankUnited, Inc.",35.0,2.9,,,,9/8/19,,,,,,,Financial Services,Banks—Regional,9/12/20,,1493.0,4.1,-7.6,-5.77,,,,,,,,,,
165,BLDR,Builders FirstSource,,,,,,,7724800000.0,0.098,205200000.0,4.291,2932300000.0,1538900000,Industrials,Building Products & Equipment,9/12/20,,15800.0,0.0,23.9,14.51,31.21,,,,,,,,,
166,BLK,BlackRock,69.0,,,,yes,8/4/18,14198000000.0,0.137,4305000000.0,-0.134,160000000000.0,67538100000,Financial Services,Asset Management,9/12/20,,16300.0,2.67,10.99,14.57,15.38,,,,,,,,,
167,BLL,Ball,43.0,,,,,8/4/18,11635000000.0,0.059,454000000.0,0.214,16554000000.0,19335000000,Consumer Cyclical,Packaging & Containers,9/12/20,,18300.0,0.74,26.66,20.26,19.04,,,,,,,,,
168,BLMN,Bloomin Brands,,,,,,8/4/18,,,,,,,Consumer Cyclical,Restaurants,9/12/20,,94000.0,0.0,0.9,-2.33,,,,,,,,,,
169,BMI,Badger Meter,58.0,,,,,8/4/18,,,,,,,Industrials,Electrical Equipment & Parts,9/12/20,,1567.0,,12.09,17.38,12.97,,,,,,,,,
170,BMO,Bank of Montreal,,,,,,,,,,,,,Financial Services,Banks—Diversified,9/12/20,,45513.0,5.3,-2.21,7.71,4.22,,,,,,,,,
171,BMW,BMW,,,,,,,,,,,,,,,9/12/20,,,,-4.05,-1.28,7.13,,,,,,,,,
172,BMY,Bristol-Myers Squibb,53.0,,,,,8/4/18,22561000000.0,0.086,4920000000.0,3.886,34986000000.0,77895000000,Healthcare,Drug Manufacturers—General,9/12/20,,30000.0,3.09,0.66,2.51,10.58,,,,,,,,,
173,BOSCHLTD.NS,Bosch,66.0,,,,no,8/4/18,,,,,,,Consumer Cyclical,Auto Parts,9/12/20,,9189.0,0.81,,,,,,,,,,,,
174,BPL,Buckeye Partners L.P.,49.0,,,,,8/4/18,,,,,,,Energy,Oil & Gas Midstream,9/12/20,,,,,,,,,,,,,,,
175,BPMC,Blueprint Medicines Corporation,,,,,,,,,,,,,Healthcare,Biotechnology,9/12/20,,419.0,0.0,11.07,17.63,,,,,,,,,,
176,BRK.A,Berkshire Hathaway,44.0,3.1,,,yes,9/8/19,248000000000.0,0.024,4021000000.0,-0.911,708000000000.0,4.94E+11,Financial Services,Insurance - Diversified,9/12/20,,389000.0,0.0,7.02,10.53,10.19,,,,,,,,,
177,BRK.B,Berkshire Hathaway,44.0,3.1,,,yes,9/8/19,,,,,,,Financial Services,Insurance - Diversified,9/12/20,,,0.0,7.01,10.65,10.17,,,,,,,,,
178,BSET,Bassett Furniture Industries,37.0,,,,,8/4/18,,,,,,,Consumer Cyclical,"Furnishings, Fixtures & Appliances",9/12/20,,2555.0,2.6,-26.97,-13.55,14.39,,,,,,,,,
179,BSIG,BrightSphere Investment Group,,,,,,,,,,,,,Financial Services,Asset Management,9/12/20,,54.0,0.31,1.47,-1.96,,,,,,,,,,
180,BSX,Boston Scientific,75.0,,,,,8/4/18,9823000000.0,0.086,1671000000.0,15.067,20999000000.0,53367400000,Healthcare,Medical Devices,9/12/20,,36000.0,0.0,11.65,18.99,22.42,,,,,,,,,
181,BTU,Peabody Energy,,,,,,,5581800000.0,0.001,646900000.0,-,7423700000.0,3065600000,Energy,Thermal Coal,9/12/20,,6600.0,17.79,-41.9,,,,,,,,,,,
182,BUD,Anheuser-Busch,54.0,,,,no,8/4/18,,,,,,,Consumer Defensive,Beverages—Brewers,9/12/20,,170000.0,2.54,-19.32,-7.77,4.25,,,,,,,,,
183,BURBY,Burberry,,,,,,,,,,,,,Consumer Cyclical,Luxury Goods,9/12/20,,10161.0,0.0,-3.95,0.7,6.0,,,,,,,,,
184,BURL,Burlington Stores,,,,,,,6668500000.0,0.091,414700000.0,0.078,3079200000.0,10509600000,Consumer Cyclical,Apparel Retail,9/12/20,,47000.0,0.0,32.38,30.75,,,,,,,,,,
185,BWA,BorgWarner,65.0,,,,,8/4/18,10529600000.0,0.075,930700000.0,1.116,10095300000.0,7974300000,Consumer Cyclical,Auto Parts,9/12/20,,29000.0,1.63,-1.86,1.05,7.24,,,,,,,,,
186,BX,Blackstone Group,69.0,,,,no,8/4/18,6833300000.0,-0.04,1541800000.0,0.048,28924700000.0,23030900000,Financial Services,Asset Management,9/12/20,,2905.0,3.62,21.47,12.72,20.9,,,,,,,,,
187,BXP,Boston Properties,63.0,,,,,8/4/18,,,,,,,Real Estate,REIT—Office,9/12/20,,760.0,4.64,-7.98,-2.42,3.43,,,,,,,,,
188,BYND,Beyond Meat,,,,,maybe,,,,,,,,Consumer Defensive,Packaged Foods,9/12/20,,472.0,0.0,,,,,,,,,,,,
189,BZUN,Baozun Inc.,,,,,,,,,,,,,Consumer Cyclical,Internet Retail,9/12/20,,5979.0,0.0,4.61,48.53,,,,,,,,,,
190,C,Citigroup,53.0,3.5,,,no,9/8/19,97120000000.0,0.104,18045000000.0,-,1920000000000.0,1.46E+11,Financial Services,Banks—Diversified,9/12/20,,204000.0,4.0,-5.96,2.36,3.96,,,,,,,,,
191,CA,CA Technologies Inc,40.0,,,,,8/4/18,,,,,,,Information Technology,Systems Software,9/12/20,,,,,,,,,,,,,,,
192,CACC,Credit Acceptance,64.0,3.8,,,yes,9/8/19,,,,,,,Financial Services,Credit Services,9/12/20,,2016.0,0.0,8.6,10.83,18.9,,,,,,,,,
193,CAE,CAE Inc.,55.0,,,,,8/4/18,,,,,,,Industrials,Aerospace & Defense,9/12/20,,10000.0,0.0,-1.55,8.68,5.52,,,,,,,,,
194,CAG,ConAgra Foods,31.0,,,,,8/4/18,7938300000.0,-0.14,808400000.0,0.265,10389500000.0,13471700000,Consumer Defensive,Packaged Foods,9/12/20,,16500.0,2.45,2.13,4.7,10.07,,,,,,,,,
195,CAH,Cardinal Health,52.0,,,,,8/4/18,137000000000.0,0.053,256000000.0,-0.801,39951000000.0,14349500000,Healthcare,Medical Distribution,9/12/20,,48000.0,4.0,-8.12,-7.52,7.13,,,,,,,,,
196,CAKE,Cheesecake Factory,60.0,,,,,8/4/18,,,,,,,Consumer Cyclical,Restaurants,9/12/20,,46250.0,0.0,-6.79,-9.32,3.21,,,,,,,,,
197,CAMP,CalAmp Corp.,,,,,,,,,,,,,Technology,Communication Equipment,9/12/20,,1080.0,0.0,-24.03,-12.11,13.18,,,,,,,,,
198,CAR,Avis Budget Group,38.0,,,,,8/4/18,9124000000.0,0.031,165000000.0,-0.543,19149000000.0,2646200000,Industrials,Rental & Leasing Services,9/12/20,,21200.0,0.0,-3.75,-5.74,12.55,,,,,,,,,
199,CASY,Casey's General Stores,,,,,,,7472100000.0,0.125,317900000.0,0.791,3469900000.0,4716900000,Consumer Defensive,Grocery Stores,9/12/20,,17282.0,0.72,19.83,10.85,15.75,,,,,,,,,
200,CAT,Caterpillar,41.0,,,,,8/4/18,54722000000.0,0.204,6147000000.0,7.153,78509000000.0,77980300000,Industrials,Farm & Heavy Construction Machinery,9/12/20,,102300.0,2.75,11.5,18.67,9.84,,,,,,,,,
201,CATO,Cato Corp,,,,,,,,,,,,,Consumer Cyclical,Apparel Retail,9/12/20,,10060.0,0.0,-3.71,-15.39,-1.51,,,,,,,,,
202,CATX,Credit Acceptance Corp,,,,,,,,,,,,,,,9/12/20,,,,,,,,,,,,,,,
203,CB,Chubb Limited,48.0,,,,yes,8/4/18,,,,,,,Financial Services,Insurance—Property & Casualty,9/12/20,,33000.0,2.62,-3.89,6.0,10.08,,,,,,,,,
204,CBRE,CBRE Group,64.0,3.6,,,,9/8/19,21340100000.0,0.502,1063200000.0,0.538,13456800000.0,16607000000,Real Estate,Real Estate Services,9/12/20,,100000.0,0.0,8.24,7.44,9.9,,,,,,,,,
205,CBRL,Cracker Barrel Old Country Store,50.0,,,,,8/4/18,,,,,,,Consumer Cyclical,Restaurants,9/12/20,,73000.0,0.0,2.51,2.59,14.54,,,,,,,,,
206,CBS,CBS,52.0,,,,,8/4/18,14514000000.0,-0.013,1960000000.0,4.49,21859000000.0,17727300000,Consumer Cyclical,Media - Diversified,9/12/20,,14750.0,0.0,24.93,31.28,-31.83,,,,,,,,,
207,CC,Chemours,,,,,,,6638000000.0,0.074,995000000.0,0.334,7362000000.0,6179100000,Basic Materials,Specialty Chemicals,9/12/20,,7000.0,4.87,-22.11,21.59,,,,,,,,,,
208,CCI,Crown Castle International,65.0,,,,,8/4/18,,,,,,,Real Estate,REIT—Specialty,9/12/20,,5100.0,3.02,17.13,17.89,15.72,,,,,,,,,
209,CCJ,Cameo Corp,,,,,,,,,,,,,Energy,Uranium,9/12/20,,,0.57,3.23,-2.85,-6.28,,,,,,,,,
210,CCK,Crown Holdings,57.0,,,,,8/4/18,11151000000.0,0.282,439000000.0,0.359,15262000000.0,7384900000,Consumer Cyclical,Packaging & Containers,9/12/20,,33000.0,0.0,7.74,9.03,9.93,0.0,0.0,0.0,0.0,,0.0,0.0,0.0,
211,CCL,Carnival Corp.,60.0,,,,maybe,8/4/18,,,,,,,Consumer Cyclical,Travel Services,9/12/20,,150000.0,0.0,-30.62,-13.15,-1.35,,,,,,,,,
212,CDW,CDW,74.0,3.9,,,,9/8/19,16240500000.0,0.069,643000000.0,0.229,7167700000.0,14172100000,Technology,Information Technology Services,9/12/20,,9783.0,1.38,24.21,23.05,,,,,,,,,,
213,CE,Celanese,,,,,,,7155000000.0,0.165,1207000000.0,0.432,9313000000.0,12606600000,Basic Materials,Chemicals,9/12/20,,7700.0,2.36,4.89,13.77,15.18,,,,,,,,,
214,CEIX,Consol Energy,36.0,,,,,8/4/18,,,,,,,Energy,Thermal Coal,9/12/20,,1792.0,0.0,,,,,,,,,,,,
215,CELG,Celgene,69.0,,,,,8/4/18,15281000000.0,0.175,4046000000.0,0.376,35480000000.0,66242200000,Healthcare,Drug Manufacturers - Major,9/12/20,,8852.0,,,,,,,,,,,,,
216,CENX,Century Aluminum,,,,,,,,,,,,,Basic Materials,Aluminum,9/12/20,,2079.0,0.0,-20.49,11.2,-1.5,,,,,,,,,
217,CERN,Cerner,69.0,,,,maybe,8/4/18,,,,,,,Healthcare,Health Information Services,9/12/20,,27400.0,1.01,0.64,2.82,13.69,,,,,,,,,
218,CETV,Central European Media,,,,,,,,,,,,,Communication Services,Broadcasting,9/12/20,,2550.0,0.0,1.35,15.85,-14.92,,,,,,,,,
219,CF,CF Industries Holdings,69.0,3.7,,,maybe,9/8/19,,,,,,,Basic Materials,Agricultural Inputs,9/12/20,,3000.0,3.72,4.59,-6.76,8.29,,,,,,,,,
220,CFG,Citizens Financial Group,49.0,,,,,8/4/18,7354000000.0,0.139,1721000000.0,0.042,161000000000.0,14962700000,Financial Services,Banks—Regional,9/12/20,,18312.0,5.84,-2.72,5.52,,,,,,,,,,
221,CG,Carlyle Grou,,,,,,,,,,,,,Financial Services,Asset Management,9/12/20,,1800.0,3.9,10.68,9.22,,,,,,,,,,
222,CGC,Canopy Growth Corporation,,,,,,,,,,,,,Healthcare,Drug Manufacturers—Specialty & Generic,9/12/20,,4434.0,0.0,27.41,68.64,,,,,,,,,,
223,CHD,Church & Dwight,71.0,,,,,8/4/18,,,,,,,Consumer Defensive,Household & Personal Products,9/12/20,,4800.0,1.03,24.42,18.2,20.12,,,,,,,,,
224,CHDN,Churchill Downs Incorporated,,,,,yes,8/4/18,,,,,,,Consumer Cyclical,Gambling,9/12/20,,5500.0,0.34,35.64,29.08,30.35,,,,,,,,,
225,CHK,Chesapeake Energy,29.0,,,,,8/4/18,10231000000.0,0.077,873000000.0,-0.08,10947000000.0,5058300000,Energy,Oil & Gas E&P,9/12/20,,2350.0,0.0,4.55,5.14,,0.0,0.0,0.0,0.0,,0.0,0.0,0.0,
226,CHKP,Check Point Software Technologies Ltd.,,,,,,,,,,,,,Technology,Software—Infrastructure,9/12/20,,5258.0,0.0,1.62,8.36,13.1,,,,,,,,,
227,CHRW,Burlington Stores,43.0,,,,,8/4/18,16631200000.0,0.118,664500000.0,0.316,4427400000.0,11948800000,Industrials,Integrated Freight & Logistics,9/12/20,,15338.0,2.07,12.8,9.49,5.46,,,,,,,,,
228,CHS,CHS,,,,,,,32683300000.0,0.02,775900000.0,9.838,16381200000.0,#VALUE!,Consumer Cyclical,Apparel Retail,9/12/20,,4788.0,0.0,-37.42,-29.42,-8.06,,,,,,,,,
229,CHTR,Spectrum,37.0,,,,,8/4/18,43634000000.0,0.049,1230000000.0,-0.876,146000000000.0,85923400000,Communication Services,Entertainment,9/12/20,,95100.0,0.0,16.44,24.14,31.95,,,,,,,,,
230,CI,Cigna,56.0,3.5,,,maybe,9/8/19,48650000000.0,0.169,2637000000.0,0.179,153000000000.0,61058900000,Healthcare,Healthcare Plans,9/12/20,,73700.0,0.02,-3.11,3.96,17.23,,,,,,,,,
231,CINF,Cincinnati Financial,68.0,,,,,8/4/18,,,,,,,Financial Services,Insurance—Property & Casualty,9/12/20,,5148.0,3.11,3.15,10.56,13.08,,,,,,,,,
232,CIOXY,Cielo SA,52.0,,,,,8/4/18,,,,,,,Technology,Software—Infrastructure,9/12/20,,3000.0,1.0,-40.93,-22.49,-3.06,,,,,,,,,
233,CL,Colgate-Palmolive,58.0,,,,,8/4/18,15544000000.0,0.006,2400000000.0,0.186,12161000000.0,58931400000,Consumer Defensive,Household & Personal Products,9/12/20,,34300.0,2.3,4.35,6.53,9.3,,,,,,,,,
234,CLDR,"Cloudera, Inc.",,,,,,,,,,,,,Technology,Software—Application,9/12/20,,2719.0,0.0,-16.49,,,,,,,,,,,
235,CLF,Cliffs Natural Resources,25.0,,,,,8/4/18,,,,,,,Basic Materials,Steel,9/12/20,,2372.0,3.93,-6.29,12.03,-16.5,,,,,,,,,
236,CLR,Continental Resources,76.0,,,,,8/4/18,,,,,,,Energy,Oil & Gas E&P,9/12/20,,1260.0,0.0,-27.01,-14.04,-4.72,,,,,,,,,
237,CLX,Clorox,82.0,,,,yes,8/4/18,6124000000.0,0.025,823000000.0,0.174,5060000000.0,20565200000,Consumer Defensive,Household & Personal Products,9/12/20,,8800.0,2.07,18.53,16.05,13.94,,,,,,,,,
238,CMA,Comerica,29.0,,,,,8/4/18,,,,,,,Financial Services,Banks—Regional,9/12/20,,7777.0,6.94,-11.61,2.55,3.32,,,,,,,,,
239,CMCM,Cheetah Mobile Inc,,,,,no,8/4/18,,,,,,,Technology,Software—Application,9/12/20,,2209.0,0.0,-25.37,-25.36,,,,,,,,,,
240,CMCSA,Comcast,58.0,,,,,8/4/18,94507000000.0,0.118,11731000000.0,-0.484,252000000000.0,1.81E+11,Communication Services,Entertainment,9/12/20,,190000.0,2.09,7.54,11.29,18.42,,,,,,,,,
241,CME,CME Group,56.0,,,,,8/4/18,,,,,,,Financial Services,Financial Data & Stock Exchanges,9/12/20,,4360.0,2.07,11.8,15.12,14.53,,,,,,,,,
242,CMG,Chipotle Mexican Grill,49.0,,,,,8/4/18,,,,,,,Consumer Cyclical,Restaurants,9/12/20,,91000.0,0.0,62.01,12.22,22.83,,,,,,,,,
243,CMI,Cummins,58.0,,,,,8/4/18,23771000000.0,0.164,2141000000.0,1.143,19062000000.0,24839100000,Industrials,Specialty Industrial Machinery,9/12/20,,61600.0,2.53,10.51,13.84,11.41,,,,,,,,,
244,CMS,CMS Energy,41.0,,,,,8/4/18,6873000000.0,0.044,657000000.0,0.428,24529000000.0,15760000000,Utilities,Utilities—Regulated Electric,9/12/20,,8128.0,2.68,10.04,15.77,15.21,,,,,,,,,
245,CNC,Centene,53.0,3.1,,,no,9/8/19,60116000000.0,0.238,900000000.0,0.087,30901000000.0,21939700000,Healthcare,Healthcare Plans,9/12/20,,56600.0,0.0,7.63,12.22,26.4,,,,,,,,,
246,CNHI,CNH Industrial,47.0,3.5,,,,9/8/19,,,,,,,Industrials,Farm & Heavy Construction Machinery,9/12/20,,63499.0,0.0,-8.99,3.79,,0.0,0.0,0.0,0.0,,0.0,1.0,0.0,
247,CNI,Canadian National Railway,57.0,,,,,8/4/18,,,,,,,Industrials,Railroads,9/12/20,,22112.0,1.67,10.33,15.24,13.95,,,,,,,,,
248,CNK,Cinemark Holdings,42.0,,,,,8/4/18,,,,,,,Communication Services,Entertainment,9/12/20,,12705.0,0.0,-23.09,-12.59,3.38,,,,,,,,,
249,CNP,CenterPoint Energy,77.0,,,,,8/4/18,10589000000.0,0.101,368000000.0,-0.795,27009000000.0,15394200000,Utilities,Utilities—Regulated Gas,9/12/20,,14262.0,3.08,-9.5,6.86,6.66,,,,,,,,,
250,CODI,Compass Diversified,,,,,,,,,,,,,Industrials,Conglomerates,9/12/20,,4002.0,8.71,6.78,7.73,7.4,,,,,,,,,
251,COF,Capital One Financial,62.0,,,,,8/4/18,32377000000.0,0.079,6015000000.0,2.035,373000000000.0,38340700000,Financial Services,Credit Services,9/12/20,,53100.0,0.58,-1.5,0.81,7.8,,,,,,,,,
252,COG,Cabot,55.0,,,,,8/4/18,,,,,,,Energy,Oil & Gas E&P,9/12/20,,547.0,2.2,-9.66,-3.46,10.45,,,,,,,,,
253,COL,Rockwell Collins,58.0,,,,,8/4/18,8665000000.0,0.27,1032000000.0,0.464,19026000000.0,#VALUE!,Industrials,Aerospace & Defense,9/12/20,,31200.0,,,,,,,,,,,,,
254,COLM,Columbia Sportswear,50.0,,,,,8/4/18,,,,,,,Consumer Cyclical,Apparel Manufacturing,9/12/20,,8900.0,0.0,16.32,8.29,14.09,,,,,,,,,
255,COP,ConocoPhillips,32.0,,,,,8/4/18,38727000000.0,0.189,6257000000.0,-,69980000000.0,75710100000,Energy,Oil & Gas E&P,9/12/20,,9700.0,5.1,-6.16,-3.48,2.24,,,,,,,,,
256,CORE,Core Mark Holding,42.0,,,,,8/4/18,12903900000.0,0.056,45500000.0,0.358,1666100000.0,1703200000,Consumer Defensive,Food Distribution,9/12/20,,8555.0,1.47,6.15,2.47,17.61,,,,,,,,,
257,COST,Costco,69.0,,,,yes,8/4/18,142000000000.0,0.097,3134000000.0,0.17,40830000000.0,1.07E+11,Consumer Defensive,Discount Stores,9/12/20,,149000.0,0.82,30.09,20.41,20.2,,,,,,,,,
258,COTY,Coty,27.0,,,,,8/4/18,9398000000.0,0.228,-168800000.0,-,22630200000.0,8639500000,Consumer Defensive,Household & Personal Products,9/12/20,,18260.0,0.0,-34.22,-27.74,,,,,,,,,,
259,CPB,Campbell Soup,44.0,,,,,8/4/18,8685000000.0,0.101,261000000.0,-0.706,14529000000.0,11481600000,Consumer Defensive,Packaged Foods,9/12/20,,23000.0,3.09,1.36,1.17,4.94,,,,,,,,,
260,CPG.L,Compass Group PLC,,,,,,,,,,,,,Consumer Cyclical,Restaurants,9/12/20,,600000.0,0.0,,,,,,,,,,,,
261,CPRT,Copart Inc,,,,,,,,,,,,,Industrials,Specialty Business Services,9/12/20,,,0.0,46.27,42.24,28.08,,,,,,,,,
262,CPT,Camden Property Trust,,,,,,8/4/18,,,,,,,Real Estate,REIT—Residential,9/12/20,,1650.0,3.67,1.46,9.09,10.01,,,,,,,,,
263,CRD-A,Crawford and Company,,,,,,,,,,,,,Financial Services,Insurance Brokers,9/12/20,,7337.0,2.27,,,,,,,,,,,,
264,CRDA.L,Croda International Plc,,,,,,,,,,,,,Basic Materials,Specialty Chemicals,9/12/20,,4580.0,1.3,,,,,,,,,,,,
265,CRM,salesforce.com,84.0,,,,,8/4/18,13282000000.0,0.267,1110000000.0,7.707,30737000000.0,1.22E+11,Technology,Software—Application,9/12/20,,54255.0,0.0,35.5,28.26,23.54,,,,,,,,,
266,CRWD,"CrowdStrike Holdings, Inc.",,,,,,,,,,,,,Technology,Software—Infrastructure,9/12/20,,2838.0,0.0,,,,,,,,,,,,
267,CSCO,Cisco Systems,64.0,,,,,8/4/18,49330000000.0,0.028,110000000.0,-0.989,109000000000.0,2.38E+11,Technology,Communication Equipment,9/12/20,,77500.0,3.64,10.62,11.88,8.85,,,,,,,,,
268,CSGP,CoStar Group,,,,,,,,,,,,,Real Estate,Real Estate Services,9/12/20,,4200.0,0.0,,,,,,,,,,,,
269,CSIQ,Canadian Solar,,,,,,,,,,,,,Technology,Solar,9/12/20,,13478.0,0.0,19.51,8.43,8.61,,,,,,,,,
270,CSX,CSX,23.0,,,,,8/4/18,12250000000.0,0.074,3309000000.0,-0.395,36729000000.0,60805200000,Industrials,Railroads,9/12/20,,19000.0,1.37,,,,,,,,,,,,
271,CTAS,Cintas,61.0,,,,,8/4/18,6487400000.0,0.195,842600000.0,0.753,6958200000.0,21207800000,Industrials,Specialty Business Services,9/12/20,,40000.0,0.8,34.32,30.9,28.38,,,,,,,,,
272,CTL,CenturyLink,30.0,,,,,8/4/18,23443000000.0,0.328,-1733000000.0,-2.248,70256000000.0,12946600000,Communication Services,Telecom Services,9/12/20,,40000.0,9.48,-6.27,-5.87,-1.39,,,,,,,,,
273,CTRE,CareTrust REIT,,,,,no,8/4/18,,,,,,,Real Estate,REIT—Healthcare Facilities,9/12/20,,52.0,5.23,2.33,15.26,,,,,,,,,,
274,CTRP,"Ctrip.com International, Ltd.",,,,,,,,,,,,,Consumer Cyclical,Leisure,9/12/20,,,,-17.53,,,,,,,,,,,
275,CTSH,Cognizant Technology Solutions,59.0,,,,,8/4/18,16125000000.0,0.089,2101000000.0,0.397,15913000000.0,41665900000,Technology,Information Technology Services,9/12/20,,281200.0,1.33,-0.74,2.46,8.53,,,,,,,,,
276,CTXS,Citrix Systems,43.0,,,,,8/4/18,,,,,,,Technology,Software—Application,9/12/20,,8400.0,0.99,21.01,17.1,9.31,,,,,,,,,
277,CVE,Cenovus Energy Inc.,,,,,,,,,,,,,Energy,Oil & Gas Integrated,9/12/20,,2361.0,0.0,-18.36,-18.15,-10.25,,,,,,,,,
278,CVGI,Commercial Vehicle Group,,,,,,,,,,,,,Consumer Cyclical,Auto Parts,9/12/20,,7347.0,0.0,-10.58,1.96,-6.38,,,,,,,,,
279,CVS,CVS Health,34.0,,,,,8/4/18,195000000000.0,0.053,-594000000.0,-1.09,196000000000.0,69951600000,Healthcare,Healthcare Plans,9/12/20,,290000.0,3.45,-7.35,-7.99,9.4,,,,,,,,,
280,CVX,Chevron,51.0,,,,,8/4/18,166000000000.0,0.236,14824000000.0,0.612,254000000000.0,2.34E+11,Energy,Oil & Gas Integrated,9/12/20,,48200.0,6.6,-6.53,5.8,4.22,,,,,,,,,
281,CW,Curtiss-Wright,68.0,,,,,8/4/18,,,,,,,Industrials,Specialty Industrial Machinery,9/12/20,,8900.0,0.73,-0.54,7.43,13.2,,,,,,,,,
282,CWT,California Water Service Group,47.0,,,,,8/4/18,,,,,,,Utilities,Utilities—Regulated Water,9/12/20,,1207.0,1.92,6.26,18.49,10.96,,,,,,,,,
283,CYBR,CyberArk Software Ltd,,,,,,,,,,,,,Technology,Software—Infrastructure,9/12/20,,1380.0,0.0,32.52,15.1,,,,,,,,,,
284,CYH,Community Health Systems,,,,,,,14155000000.0,-0.234,-788000000.0,-,15859000000.0,433500000,Healthcare,Medical Care Facilities,9/12/20,,63000.0,0.0,-15.15,-31.43,-12.24,,,,,,,,,
285,CYOU,Changyou.com Limited,,,,,,8/4/18,,,,,,,Technology,Electronic Gaming & Multimedia,9/12/20,,,0.0,,,,,,,,,,,,
286,CZR,Caesars Entertainment Corp,,,,,,8/4/18,8391000000.0,0.729,303000000.0,-,25775000000.0,5823500000,Consumer Cyclical,Resorts & Casinos,9/12/20,,66000.0,,26.59,40.2,,,,,,,,,,
287,D,Dominion Energy,71.0,,,,,8/4/18,13366000000.0,0.062,2447000000.0,-0.184,77914000000.0,61281900000,Utilities,Utilities—Diversified,9/12/20,,19100.0,4.78,4.13,7.21,9.48,,,,,,,,,
288,DAL,Delta Air Lines,79.0,4.1,,,maybe,9/8/19,44438000000.0,0.077,3935000000.0,0.1,60266000000.0,35067800000,Industrials,Airlines,9/12/20,,91000.0,0.0,-10.31,-4.77,13.53,,,,,,,,,
289,DAN,Dana,,,,,,,8143000000.0,0.13,427000000.0,2.847,5918000000.0,2545000000,Consumer Cyclical,Auto Parts,9/12/20,,33300.0,0.0,-14.78,-2.01,4.77,,,,,,,,,
290,DASTY,Dassault Systemes SE ADR,84.0,3.9,,,yes,9/8/19,,,,,,,Technology,Software—Application,9/12/20,,20000.0,0.42,22.48,21.73,19.59,,,,,,,,,
291,DBX,Dropbox,,,,,,,,,,,,,Technology,Software—Infrastructure,9/12/20,,2801.0,0.0,,,,,,,,,,,,
292,DCP,DCP Midstream,,,,,,,9822000000.0,0.161,298000000.0,0.301,14266000000.0,4736600000,Energy,Oil & Gas Midstream,9/12/20,,2650.0,12.6,-15.24,-2.37,1.89,,,,,,,,,
293,DD,DuPont de Nemours,,,,,,,85977000000.0,0.372,3844000000.0,1.633,188000000000.0,1.20E+11,Basic Materials,Chemicals,9/12/20,,35000.0,2.07,-12.02,2.54,7.92,,,,,,,,,
294,DDS,Dillard‚Äö√Ñ√¥s,31.0,,,,,8/4/18,6503300000.0,0.013,170300000.0,-0.231,3431400000.0,1897600000,Consumer Cyclical,Department Stores,9/12/20,,22800.0,1.79,-15.49,-17.34,5.88,,,,,,,,,
295,DE,Deere,73.0,4.1,,,maybe,9/8/19,37357700000.0,0.256,2368400000.0,0.097,70108000000.0,50908000000,Industrials,Farm & Heavy Construction Machinery,9/12/20,,73489.0,1.41,23.93,23.67,13.42,,,,,,,,,
296,DELL,Dell Technologies Inc.,,,,,,,90621000000.0,0.152,-2310000000.0,-,112000000000.0,42170500000,Technology,Computer Hardware,9/12/20,,165000.0,0.0,,,,,,,,,,,,
297,DEO,Diageo,70.0,3.9,,,yes,9/8/19,,,,,,,Consumer Defensive,Beverages—Wineries & Distilleries,9/12/20,,27788.0,3.29,1.96,7.34,9.42,,,,,,,,,
298,DF,Dean Foods,,,,,,,7755300000.0,-0.005,-326900000.0,-6.308,2118500000.0,277900000,Consumer Defensive,Packaged Foods,9/12/20,,15000.0,,-23.0,-5.71,-5.69,,,,,,,,,
299,DFS,Discover Financial Services,60.0,3.7,,,maybe,9/8/19,12848000000.0,0.113,2742000000.0,0.306,110000000000.0,23215100000,Financial Services,Credit Services,9/12/20,,17200.0,3.26,0.8,3.33,15.13,,,,,,,,,
300,DG,Dollar General,38.0,,,,,8/4/18,25625000000.0,0.092,1589500000.0,0.033,13204000000.0,30960600000,Consumer Defensive,Discount Stores,9/12/20,,143000.0,0.73,39.03,23.98,22.36,,,,,,,,,
301,DGX,Quest Diagnostics,56.0,,,,,8/4/18,7531000000.0,-0.023,736000000.0,-0.047,11003000000.0,12072800000,Healthcare,Diagnostics & Research,9/12/20,,47000.0,2.03,2.48,12.8,10.07,,,,,,,,,
302,DHI,D.R. Horton,64.0,,,,no,8/4/18,16068000000.0,0.14,1460300000.0,0.406,14114600000.0,15452200000,Consumer Cyclical,Residential Construction,9/12/20,,8916.0,1.0,25.61,18.72,21.06,,,,,,,,,
303,DHR,Danaher,57.0,,,,,8/4/18,19893000000.0,0.085,2650900000.0,0.064,47832500000.0,94485900000,Healthcare,Diagnostics & Research,9/12/20,,60000.0,0.35,33.43,21.49,19.28,,,,,,,,,
304,DHXM,DHX Media,,,,,,,,,,,,,,,9/12/20,,,,,,,,,,,,,,,
305,DIS,Disney,65.0,,,,maybe,8/4/18,59434000000.0,0.078,12598000000.0,0.403,98598000000.0,2.00E+11,Communication Services,Entertainment,9/12/20,,223000.0,0.0,11.91,5.88,15.43,,,,,,,,,
306,DISCA,Discovery Communications,44.0,,,,,8/4/18,,,,,,,Communication Services,Entertainment,9/12/20,,9200.0,0.0,3.15,-3.26,5.09,,,,,,,,,
307,DISCK,Discovery,,,,,,,10553000000.0,0.535,594000000.0,-,32550000000.0,13632800000,Communication Services,Entertainment,9/12/20,,9200.0,0.0,1.79,-4.0,1.69,,,,,,,,,
308,DISH,DISH Network,32.0,,,,,8/4/18,13621300000.0,-0.054,1575100000.0,-0.249,30587000000.0,14827500000,Communication Services,Entertainment,9/12/20,,16000.0,0.0,-16.09,-11.12,6.57,,,,,,,,,
309,DK,Delek US Holdings,,,,,,,10265600000.0,0.397,340100000.0,0.178,5760600000.0,2821700000,Energy,Oil & Gas Refining & Marketing,9/12/20,,3600.0,10.21,-16.22,-12.0,11.62,,,,,,,,,
310,DKS,Dicks Sporting Goods,44.0,,,,,8/4/18,8436600000.0,-0.018,319900000.0,-0.011,4187100000.0,3544900000,Consumer Cyclical,Specialty Retail,9/12/20,,15300.0,2.24,29.88,3.6,9.7,,,,,,,,,
311,DLPH,Delphi Technologies,67.0,,,,no,8/4/18,,,,,,,Consumer Cyclical,Auto Parts,9/12/20,,19000.0,0.0,,,,,,,,,,,,
312,DLR,Digital Realty Trust,79.0,,,,yes,8/4/18,,,,,,,Real Estate,REIT—Office,9/12/20,,1550.0,3.08,7.84,21.63,11.26,,,,,,,,,
313,DLTR,Dollar Tree,40.0,,,,,8/4/18,22823300000.0,0.026,-1590800000.0,-1.928,13501200000.0,25021000000,Consumer Defensive,Discount Stores,9/12/20,,56900.0,0.0,2.59,6.26,14.49,,,,,,,,,
314,DNN,Denison Mines,,,,,,,,,,,,,Energy,Uranium,9/12/20,,65.0,0.0,-2.64,0.1,-11.24,,,,,,,,,
315,DOCU,DocuSign,,,,,,,,,,,,,Technology,Software—Application,9/12/20,,3909.0,0.0,,,,,,,,,,,,
316,DOMO,Domo,,,,,,,,,,,,,Technology,Software—Application,9/12/20,,802.0,0.0,,,,,,,,,,,,
317,DOV,Dover,60.0,,,,,8/4/18,7395800000.0,-0.056,570300000.0,-0.297,8365800000.0,13621000000,Industrials,Specialty Industrial Machinery,9/12/20,,24000.0,1.79,15.48,18.06,12.6,,,,,,,,,
318,DPS,Dr Pepper Snapple Group,36.0,,,,,8/4/18,,,,,,,Consumer Defensive,Beverages - Soft Drinks,9/12/20,,,,,,,,,,,,,,,
319,DPZ,Dominos Pizza,48.0,,,,,8/4/18,,,,,,,Consumer Cyclical,Restaurants,9/12/20,,13100.0,0.8,28.6,29.71,40.33,,,,,,,,,
320,DRI,Darden Restaurants,58.0,,,,,8/4/18,8080100000.0,0.127,596000000.0,0.244,5469600000.0,15002600000,Consumer Cyclical,Restaurants,9/12/20,,177895.0,0.0,5.76,8.46,9.9,,,,,,,,,
321,DTE,DTE Energy,69.0,,,,,8/4/18,14212000000.0,0.127,1120000000.0,-0.012,36288000000.0,22854200000,Utilities,Utilities—Regulated Electric,9/12/20,,10700.0,3.43,4.52,12.32,12.06,,,,,,,,,
322,DUK,Duke Energy,56.0,,,,,8/4/18,24116000000.0,0.04,2666000000.0,-0.128,145000000000.0,65488100000,Utilities,Utilities—Regulated Electric,9/12/20,,29000.0,4.71,2.15,8.11,8.26,,,,,,,,,
323,DVA,DaVita HealthCare Partners,40.0,,,,,8/4/18,16368600000.0,0.021,159400000.0,-0.76,19110300000.0,9033900000,Healthcare,Medical Care Facilities,9/12/20,,65000.0,0.0,13.77,3.26,10.47,,,,,,,,,
324,DVN,Devon Energy,20.0,,,,,8/4/18,10734000000.0,-0.23,3064000000.0,2.412,19566000000.0,13832700000,Energy,Oil & Gas E&P,9/12/20,,1800.0,4.96,-31.31,-22.17,-13.08,,,,,,,,,
325,DXC,DXC Technology,,,,,,,24556000000.0,2.228,1751000000.0,-,33921000000.0,17252500000,Technology,Information Technology Services,9/12/20,,138000.0,0.0,-29.23,2.01,5.45,,,,,,,,,
326,DXCM,"DexCom, Inc.",,,,,,,,,,,,,Healthcare,Diagnostics & Research,9/12/20,,3900.0,0.0,73.73,31.53,40.2,,,,,,,,,
327,EA,Electronic Arts,68.0,,,,maybe,8/4/18,,,,,,,Communication Services,Electronic Gaming & Multimedia,9/12/20,,9800.0,0.0,,,,,,,,,,,,
328,EADSF,Airbus,55.0,4.1,,,yes,9/8/19,,,,,,,Industrials,Aerospace & Defense,9/12/20,,135154.0,0.0,-0.21,6.21,14.28,,,,,,,,,
329,EBAY,eBay,50.0,,,,,8/4/18,10746000000.0,0.123,2530000000.0,-,22819000000.0,33978700000,Consumer Cyclical,Internet Retail,9/12/20,,13300.0,1.22,12.21,15.38,14.28,,,,,,,,,
330,ECA,Encana Corporation,,,,,,,,,,,,,Energy,Oil & Gas E&P,9/12/20,,,,,,,,,,,,,,,
331,ECL,Ecolab,60.0,,,,,8/4/18,14668200000.0,0.06,1429100000.0,-0.053,20074500000.0,50908200000,Basic Materials,Specialty Chemicals,9/12/20,,45000.0,0.93,17.17,13.96,16.06,,,,,,,,,
332,ECPG,Encore Capital Group,,,,,,,,,,,,,Financial Services,Mortgage Finance,9/12/20,,7300.0,0.0,1.26,0.86,6.99,,,,,,,,,
333,ED,Consolidated Edison,54.0,,,,,8/4/18,12337000000.0,0.025,1382000000.0,-0.094,53920000000.0,27230600000,Utilities,Utilities—Regulated Electric,9/12/20,,14890.0,4.21,-1.78,6.86,7.61,,,,,,,,,
334,EDIT,Editas Medicine,,,,,,,,,,,,,Healthcare,Biotechnology,9/12/20,,208.0,0.0,14.5,,,,,,,,,,,
335,EDU,New Oriental Education and Tech Ads,,,,,,,,,,,,,Consumer Defensive,Education & Training Services,9/12/20,,,0.0,17.84,50.39,19.32,,,,,,,,,
336,EFX,Equifax,44.0,,,,,8/4/18,,,,,,,Industrials,Consulting Services,9/12/20,,11200.0,0.96,13.92,11.65,19.29,,,,,,,,,
337,EICHERMOT.NS,Eicher Motors Limited,,,,,,,,,,,,,Consumer Cyclical,Auto Manufacturers,9/12/20,,,1.15,,,,,,,,,,,,
338,EIX,Edison International,46.0,,,,,8/4/18,12657000000.0,0.027,-423000000.0,-1.749,56715000000.0,20174200000,Utilities,Utilities—Regulated Electric,9/12/20,,12937.0,5.05,-10.74,1.34,7.19,,,,,,,,,
339,EL,Estee Lauder,54.0,,,,,8/4/18,13683000000.0,0.157,1108000000.0,-0.113,12567000000.0,59790500000,Consumer Defensive,Household & Personal Products,9/12/20,,48000.0,0.89,26.36,23.77,22.65,,,,,,,,,
340,EME,EMCOR Group,,,,,,,8130600000.0,0.058,283500000.0,0.248,4088800000.0,4092300000,Industrials,Engineering & Construction,9/12/20,,36000.0,0.46,1.42,9.03,11.54,,,,,,,,,
341,EMN,Eastman Chemical,62.0,,,,,8/4/18,10151000000.0,0.063,1080000000.0,-0.22,15995000000.0,10531100000,Basic Materials,Chemicals,9/12/20,,14500.0,3.36,0.63,5.33,11.5,,,,,,,,,
342,EMR,Emerson Electric,56.0,,,,,8/4/18,17408000000.0,0.068,2203000000.0,0.451,20390000000.0,42083000000,Industrials,Specialty Industrial Machinery,9/12/20,,88000.0,2.96,6.62,11.02,5.6,,,,,,,,,
343,ENB,Enbridge,23.0,,,,,8/4/18,,,,,,,Energy,Oil & Gas Midstream,9/12/20,,,8.0,-2.6,0.95,6.37,,,,,,,,,
344,ENLC,EnLink Midstream,,,,,,,7699000000.0,0.341,-13200000.0,-1.062,10694100000.0,6219200000,Energy,Oil & Gas Midstream,9/12/20,,1355.0,15.5,-33.23,-18.67,2.22,,,,,,,,,
345,ENPH,Enphase Energy,,,,,,,,,,,,,Technology,Solar,9/12/20,,577.0,0.0,273.44,70.71,,,,,,,,,,
346,ENR,Energizer,,,,,,,,,,,,,Industrials,Electrical Equipment & Parts,9/12/20,,7500.0,2.95,-0.81,2.96,,,,,,,,,,
347,ENS,EnerSys,48.0,,,,,8/4/18,,,,,,,Industrials,Electrical Equipment & Parts,9/12/20,,11400.0,1.04,1.28,5.8,11.79,,,,,,,,,
348,EOG,EOG Resources,57.0,,,,,8/4/18,17275400000.0,0.541,3419000000.0,0.324,33934500000.0,55209900000,Energy,Oil & Gas E&P,9/12/20,,2900.0,3.95,-21.81,-10.88,-0.14,,,,,,,,,
349,EPD,Enterprise Products,72.0,,,,,8/4/18,36534200000.0,0.249,4172400000.0,0.491,56969800000.0,63579800000,Energy,Oil & Gas Midstream,9/12/20,,7000.0,10.4,-5.32,-0.57,5.42,,,,,,,,,
350,EQIX,Equinix,84.0,,,,,8/4/18,,,,,,,Real Estate,REIT—Specialty,9/12/20,,9181.0,1.43,17.86,22.61,24.04,,,,,,,,,
351,EQNR.OL,Equinor ASA,,,,,,,,,,,,,Energy,Oil & Gas Integrated,9/12/20,,21412.0,4.79,,,,,,,,,,,,
352,EQR,Equity Residential,87.0,,,,,8/4/18,,,,,,,Real Estate,REIT—Residential,9/12/20,,2600.0,4.32,-3.68,1.52,6.03,,,,,,,,,
353,EQT,EQT Corporation,44.0,,,,,8/4/18,,,,,,,Energy,Oil & Gas E&P,9/12/20,,647.0,0.0,-20.7,-15.84,-0.43,,,,,,,,,
354,EREGL.IS,Eregli Demir ve celik Fabrikalari T.A.S,,,,,,,,,,,,,Basic Materials,Steel,9/12/20,,11391.0,2.55,,,,,,,,,,,,
355,ERIC,Telefonaktiebolaget LM Ericsson,,,,,,,,,,,,,Technology,Communication Equipment,9/12/20,,99800.0,0.69,24.89,3.58,2.38,,,,,,,,,
356,ES,Eversource Energy,79.0,,,,,8/4/18,8448200000.0,0.09,1033000000.0,0.046,38241300000.0,22512600000,Utilities,Utilities—Regulated Electric,9/12/20,,8234.0,2.72,11.31,14.71,12.85,,,,,,,,,
357,ESIO,Electroc Scientific Industries,,,,,no,8/4/18,,,,,,,Technology,Semiconductors,9/12/20,,,,,,,,,,,,,,,
358,ESRX,Express Scripts Holding,38.0,,,,,8/4/18,,,,,,,Healthcare,Health Care Plans,9/12/20,,,,,,,,,,,,,,,
359,ESS,"Essex Property Trust, Inc.",64.0,,,,,8/4/18,,,,,,,Real Estate,REIT—Residential,9/12/20,,1822.0,3.85,-4.55,2.86,9.47,,,,,,,,,
360,ESTC,Elastic,,,,,,,,,,,,,Technology,Software—Application,9/12/20,,1962.0,0.0,,,,,,,,,,,,
361,ESV,Ensco plc,,,,,,8/4/18,,,,,,,Energy,Oil & Gas Drilling,9/12/20,,,,,,,,,,,,,,,
362,ET,Energy Transfer,,,,,,,54436000000.0,0.146,1694000000.0,0.776,88246000000.0,40260000000,Energy,Oil & Gas Midstream,9/12/20,,12812.0,20.47,-18.7,-14.51,5.28,,,,,,,,,
363,ETN,Eaton Corporation,49.0,,,,,8/4/18,,,,,,,Industrials,Specialty Industrial Machinery,9/12/20,,93000.0,2.89,14.74,15.68,12.17,,,,,,,,,
364,ETP,Energy Transfer Partners L.P.,66.0,,,,,8/4/18,,,,,,,,,9/12/20,,,,,,,,,,,,,,,
365,ETR,Entergy,58.0,,,,,8/4/18,11009500000.0,-0.006,848700000.0,1.062,48275100000.0,18214600000,Utilities,Utilities—Diversified,9/12/20,,13600.0,3.88,9.81,12.56,4.95,,,,,,,,,
366,ETSY,Etsy,59.0,3.6,,,,,,,,,,,Consumer Cyclical,Internet Retail,9/12/20,,1292.0,0.0,85.55,50.58,,,,,,,,,,
367,EVBG,Everbridge,,,,,,,,,,,,,Technology,Software—Application,9/12/20,,1106.0,0.0,71.37,,,,,,,,,,,
368,EVH,Evolent Health Inc,,,,,,,,,,,,,Healthcare,Health Information Services,9/12/20,,3400.0,0.0,-10.41,-9.09,,,,,,,,,,
369,EVHC,Envision Healthcare,29.0,,,,,8/4/18,,,,,,,Healthcare,Medical Care,9/12/20,,,,,,,,,,,,,,,
370,EW,Edwards Lifesciences,75.0,,,,,8/4/18,,,,,,,Healthcare,Medical Devices,9/12/20,,13900.0,0.0,28.68,28.67,23.59,,,,,,,,,
371,EXAS,Exact Sciences Corporation,,,,,,,,,,,,,Healthcare,Diagnostics & Research,9/12/20,,4110.0,0.0,21.21,31.15,29.95,,,,,,,,,
372,EXC,Exelon,60.0,,,,,8/4/18,35985000000.0,0.073,2010000000.0,-0.467,120000000000.0,48623700000,Utilities,Utilities—Diversified,9/12/20,,32713.0,4.27,1.42,7.53,1.77,,,,,,,,,
373,EXEL,Exelixis,,,,,,,,,,,,,Healthcare,Biotechnology,9/12/20,,617.0,0.0,-6.09,29.75,19.14,,,,,,,,,
374,EXP,Eagle Materials Inc.,,,,,,,,,,,,,Basic Materials,Building Materials,9/12/20,,2400.0,0.0,,,,,,,,,,,,
375,EXPD,Expeditors International of Washington,50.0,,,,,8/4/18,8138400000.0,0.176,618200000.0,0.263,3314600000.0,13043900000,Industrials,Integrated Freight & Logistics,9/12/20,,17937.0,1.17,17.71,14.09,8.38,,,,,,,,,
376,EXPE,Expedia,73.0,,,,yes,8/4/18,11223000000.0,0.116,406000000.0,0.074,18033000000.0,17515600000,Consumer Cyclical,Travel Services,9/12/20,,25400.0,0.0,-12.08,-3.02,9.88,,,,,,,,,
377,EXPN,Experian PLC,61.0,3.7,,,yes,9/8/19,,,,,,,Industrials,Business Services,9/12/20,,,,26.12,24.4,17.18,,,,,,,,,
378,EXPR,Express,36.0,,,,,8/4/18,,,,,,,Consumer Cyclical,Apparel Retail,9/12/20,,4360.0,0.0,-47.88,-46.03,-20.2,,,,,,,,,
379,EXR,Extra Space Storage,76.0,,,,yes,8/4/18,,,,,,,Real Estate,REIT—Industrial,9/12/20,,4048.0,3.28,15.07,11.64,23.72,,,,,,,,,
380,EYE,National Vision Holdings,,,,,,,,,,,,,Consumer Cyclical,Specialty Retail,9/12/20,,11781.0,0.0,,,,,,,,,,,,
381,F,Ford Motor,54.0,,,,,8/4/18,160000000000.0,0.023,3677000000.0,-0.516,257000000000.0,35028000000,Consumer Cyclical,Auto Manufacturers,9/12/20,,190000.0,0.0,-8.89,-5.87,-0.09,,,,,,,,,
382,FAF,First American Financial,,,,,,,5747800000.0,-0.004,474500000.0,0.122,10630600000.0,5765300000,Financial Services,Insurance—Specialty,9/12/20,,18412.0,3.37,5.71,8.81,15.78,,,,,,,,,
383,FAST,Fastenal,53.0,,,,,8/4/18,,,,,,,Industrials,Industrial Distribution,9/12/20,,20667.0,2.27,29.44,19.84,14.7,,,,,,,,,
384,FB,Facebook,91.0,,,,yes,8/4/18,55838000000.0,0.374,22112000000.0,0.388,97334000000.0,4.76E+11,Communication Services,Internet Content & Information,9/12/20,,52534.0,0.0,15.39,23.7,,,,,,,,,,
385,FBHS,Fortune Brands Home & Security,100.0,,,,,8/4/18,,,,,,,Consumer Cyclical,"Furnishings, Fixtures & Appliances",9/12/20,,24700.0,1.17,9.72,10.81,,,,,,,,,,
386,FCAU,Fiat Chrysler Automobiles N.V.,,,,,,,,,,,,,,,9/12/20,,,0.0,-5.2,5.36,,,,,,,,,,
387,FCX,Freeport-McMoRan,51.0,,,,,8/4/18,18628000000.0,0.135,2602000000.0,0.432,42216000000.0,18678400000,Basic Materials,Copper,9/12/20,,27500.0,3.48,5.02,7.96,-4.87,,,,,,,,,
388,FDC,First Data,,,,,,,9498000000.0,-0.212,1005000000.0,-0.314,38327000000.0,24767200000,,,9/12/20,,19000.0,,,,,,,,,,,,,
389,FDX,FedEx,62.0,,,,,8/4/18,65450000000.0,0.085,4572000000.0,0.526,52330000000.0,47270800000,Industrials,Integrated Freight & Logistics,9/12/20,,324000.0,1.16,4.2,10.01,11.35,,,,,,,,,
390,FE,FirstEnergy,52.0,,,,,8/4/18,11864000000.0,-0.129,1348000000.0,-,40063000000.0,22059600000,Utilities,Utilities—Diversified,9/12/20,,12000.0,5.37,1.33,3.71,2.17,,,,,,,,,
391,FFIV,F5 Networks,49.0,,,,,8/4/18,,,,,,,Technology,Software—Infrastructure,9/12/20,,5786.0,0.0,0.69,0.31,2.45,,,,,,,,,
392,FGEN,"FibroGen, Inc.",,,,,,,,,,,,,Healthcare,Biotechnology,9/12/20,,531.0,0.0,-5.46,8.77,,,,,,,,,,
393,FICO,Fair Isaac,,,,,,,,,,,,,Technology,Software—Application,9/12/20,,4065.0,0.0,43.87,37.78,33.14,,,,,,,,,
394,FINL,Finish Line,44.0,,,,,8/4/18,,,,,,,,,9/12/20,,,,,,,,,,,,,,,
395,FIS,Fidelity National Information Services,52.0,,,,,8/4/18,8423000000.0,-0.077,846000000.0,-0.359,23770000000.0,36546500000,Technology,Information Technology Services,9/12/20,,55000.0,0.96,16.73,16.7,18.87,,,,,,,,,
396,FISV,Fiserv,49.0,,,,,8/4/18,5823000000.0,0.022,1187000000.0,-0.047,11262000000.0,34603100000,Technology,Information Technology Services,9/12/20,,44000.0,0.0,14.4,16.68,21.59,,,,,,,,,
397,FIT,Fitbit,29.0,,,,,8/4/18,,,,,,,Technology,Scientific & Technical Instruments,9/12/20,,1762.0,0.0,0.16,-27.95,,,,,,,,,,
398,FITB,Fifth Third Bancorp,43.0,3.3,,,,9/8/19,7973000000.0,0.034,2193000000.0,0,146000000000.0,19447400000,Financial Services,Banks—Regional,9/12/20,,20340.0,5.24,-3.07,4.36,8.11,,,,,,,,,
399,FIVE,Five Below,36.0,3.0,,,yes,9/8/19,,,,,,,Consumer Cyclical,Specialty Retail,9/12/20,,4400.0,0.0,37.55,32.27,,,,,,,,,,
400,FL,Foot Locker,47.0,,,,,8/4/18,7939000000.0,0.02,541000000.0,0.905,3820000000.0,6841100000,Consumer Cyclical,Footwear & Accessories,9/12/20,,15589.0,1.81,2.9,-10.99,13.0,,,,,,,,,
401,FLEX,Flex Ltd.,,,,,,,,,,,,,Technology,Electronic Components,9/12/20,,160000.0,0.0,-15.09,-1.19,6.33,,,,,,,,,
402,FLIR,FLIR Systems,67.0,3.7,,,maybe,9/8/19,,,,,,,Technology,Scientific & Technical Instruments,9/12/20,,4265.0,2.03,-2.44,5.56,3.77,,,,,,,,,
403,FLR,Fluor,44.0,,,,,8/4/18,19166600000.0,-0.018,224800000.0,0.175,8913600000.0,5137600000,Industrials,Engineering & Construction,9/12/20,,53349.0,0.0,-34.71,-22.52,-10.51,,,,,,,,,
404,FLS,Flowserve,33.0,,,,,8/4/18,,,,,,,Industrials,Specialty Industrial Machinery,9/12/20,,17000.0,2.87,-8.87,-5.64,0.15,,,,,,,,,
405,FLT,Fleetcor Tech,,,,,,,,,,,,,Technology,Information Technology Services,9/12/20,,8700.0,0.0,,,,,,,,,,,,
406,FMC,FMC,33.0,,,,,8/4/18,,,,,,,Basic Materials,Agricultural Inputs,9/12/20,,6400.0,1.63,11.35,24.45,14.69,,,,,,,,,
407,FMCC,Freddie Mac,62.0,,,,,8/4/18,73598000000.0,-0.014,9235000000.0,0.642,2060000000000.0,1748700000,Financial Services,Mortgage Finance,9/12/20,,6871.0,0.0,-5.77,-1.11,20.11,,,,,,,,,
408,FNF,Fidelity National Financial,41.0,,,,,8/4/18,7594000000.0,-0.223,628000000.0,-0.185,9301000000.0,10063400000,Financial Services,Insurance—Specialty,9/12/20,,25063.0,4.0,1.97,7.7,14.97,,,,,,,,,
409,FNMA,Fannie Mae,58.0,,,,,8/4/18,120000000000.0,0.069,15959000000.0,5.479,3420000000000.0,3242600000,Financial Services,Mortgage Finance,9/12/20,,7500.0,0.0,-6.07,-1.38,22.12,,,,,,,,,
410,FOSL,Fossil Group Inc,,,,,,,,,,,,,Consumer Cyclical,Luxury Goods,9/12/20,,10200.0,0.0,-3.0,-34.25,-17.66,,,,,,,,,
411,FOXA,Twenty-First Century Fox (Class A),51.0,,,,,8/4/18,,,,,,,Communication Services,Broadcasting,9/12/20,,9000.0,1.63,,,,,,,,,,,,
412,FRCOY,Fast Retailing Co,,,,,,,,,,,,,Consumer Cyclical,Apparel Retail,9/12/20,,56523.0,0.7,30.89,10.46,16.5,,,,,,,,,
413,FRT,Federal Realty Investment Trust,68.0,,,,,8/4/18,,,,,,,Real Estate,REIT—Retail,9/12/20,,308.0,5.43,-11.78,-5.57,3.41,,,,,,,,,
414,FSLR,First Solar,48.0,,,,,8/4/18,,,,,,,Technology,Solar,9/12/20,,6600.0,0.0,14.02,7.46,-6.6,,,,,,,,,
415,FTAI,Fortress Transportation and Infrastructure,,,,,,,,,,,,,Industrials,Rental & Leasing Services,9/12/20,,,8.25,4.69,12.86,,,,,,,,,,
416,FTI,TechnipFMC,31.0,,,,,8/4/18,,,,,,,Energy,Oil & Gas Equipment & Services,9/12/20,,37000.0,1.82,-32.04,-18.05,-8.16,,,,,,,,,
417,FTNT,Fortinet Inc,,,,,,,,,,,,,Technology,Software—Infrastructure,9/12/20,,7756.0,0.0,44.41,21.04,26.76,,,,,,,,,
418,FTR,Frontier Communications,18.0,,,,,8/4/18,8611000000.0,-0.057,-643000000.0,-,23659000000.0,209600000,Communication Services,Telecom Services,9/12/20,,21173.0,0.0,,,,,,,,,,,,
419,FTV,Fortive,72.0,3.8,,,,9/8/19,7203200000.0,0.082,2913800000.0,1.79,12905600000.0,28072200000,Technology,Scientific & Technical Instruments,9/12/20,,25000.0,0.37,5.02,,,,,,,,,,,
420,GBCI,"Glacier Bancorp, Inc.",,,,,,,,,,,,,Financial Services,Banks—Regional,9/12/20,,2954.0,3.44,5.1,8.45,11.91,,,,,,,,,
421,GCI,Gannett Co,23.0,,,,,8/4/18,,,,,,,Communication Services,Publishing,9/12/20,,21255.0,0.0,-28.13,-13.0,,,,,,,,,,
422,GD,General Dynamics,45.0,,,,,8/4/18,36193000000.0,0.169,3345000000.0,0.149,45408000000.0,48883000000,Industrials,Aerospace & Defense,9/12/20,,105600.0,0.0,-7.79,2.83,11.03,,,,,,,,,
423,GDDY,GoDaddy,55.0,,,,,8/4/18,,,,,,,Technology,Software—Infrastructure,9/12/20,,,0.0,19.61,24.45,,,,,,,,,,
424,GE,General Electric,58.0,,,,,8/4/18,120000000000.0,-0.016,-22355000000.0,-,309000000000.0,87009300000,Industrials,Specialty Industrial Machinery,9/12/20,,205000.0,0.67,,,,,,,,,,,,
425,GEF,"Greif, Inc.",,,,,,,,,,,,,Consumer Cyclical,Packaging & Containers,9/12/20,,17000.0,5.04,-10.72,5.18,-0.95,,,,,,,,,
426,GERN,Geron Corporation,,,,,,,,,,,,,Healthcare,Biotechnology,9/12/20,,45.0,0.0,-5.26,-12.41,-9.36,,,,,,,,,
427,GGP,General Growth Properties Inc.,39.0,,,,,8/4/18,,,,,,,Real Estate,Retail REITs,9/12/20,,,,,,,,,,,,,,,
428,GHDX,"Genomic Health, Inc.",,,,,,,,,,,,,Healthcare,Diagnostics & Research,9/12/20,,,,,,,,,,,,,,,
429,GIII,G-III Apparel Group,,,,,,,,,,,,,Consumer Cyclical,Apparel Retail,9/12/20,,4000.0,0.0,-20.74,-26.45,-0.21,,,,,,,,,
430,GIL,Gildan Activewear Inc.,,,,,,,,,,,,,Consumer Cyclical,Apparel Manufacturing,9/12/20,,46000.0,0.0,-12.3,-6.28,4.85,0.0,0.0,0.0,0.0,,0.0,0.0,0.0,
431,GILD,Gilead Sciences,58.0,,,,,8/4/18,22127000000.0,-0.152,5455000000.0,0.179,63675000000.0,82881000000,Healthcare,Drug Manufacturers—General,9/12/20,,11800.0,4.27,-4.86,-6.94,16.17,,,,,,,,,
432,GIS,General Mills,31.0,,,,,8/4/18,15740400000.0,0.008,2131000000.0,0.286,30624000000.0,30987400000,Consumer Defensive,Packaged Foods,9/12/20,,35000.0,3.35,4.92,3.84,7.3,,,,,,,,,
433,GL,Global Life,,,,,,,,,,,,,Financial Services,Insurance—Life,9/12/20,,3196.0,0.94,2.8,7.99,13.99,,,,,,,,,
434,GLP,Global Partners,44.0,,,,,8/4/18,12672600000.0,0.421,103900000.0,0.769,2424300000.0,668400000,Energy,Oil & Gas Midstream,9/12/20,,2540.0,14.56,3.67,-6.17,3.2,,,,,,,,,
435,GLUU,Glu Mobile Inc,,,,,,8/4/18,,,,,,,Communication Services,Electronic Gaming & Multimedia,9/12/20,,715.0,0.0,25.63,8.64,19.83,,,,,,,,,
436,GLW,Corning,65.0,,,,,8/4/18,11290000000.0,0.116,1066000000.0,-,27505000000.0,25990700000,Technology,Electronic Components,9/12/20,,49500.0,2.76,5.83,14.91,8.73,,,,,,,,,
437,GM,General Motors,63.0,,,,,8/4/18,147000000000.0,-0.065,8014000000.0,-,227000000000.0,52291700000,Consumer Cyclical,Auto Manufacturers,9/12/20,,164000.0,0.0,-2.84,4.34,,,,,,,,,,
438,GME,GameStop,27.0,,,,,8/4/18,8850700000.0,-0.041,-673000000.0,-20.395,4044300000.0,1036000000,Consumer Cyclical,Specialty Retail,9/12/20,,14000.0,0.0,-24.18,-23.31,-1.53,,,,,,,,,
439,GNC,GNC Holdings,26.0,,,,,8/4/18,,,,,,,Consumer Defensive,Pharmaceutical Retailers,9/12/20,,,0.0,,,,,,,,,,,,
440,GNTX,Gentex Corporation,12.0,2.3,,,,9/8/19,,,,,,,Consumer Cyclical,Auto Parts,9/12/20,,5874.0,1.82,14.51,12.17,12.53,,,,,,,,,
441,GNW,Genworth Financial,,,,,,,8430000000.0,0.016,119000000.0,-0.854,101000000000.0,1918500000,Financial Services,Insurance—Life,9/12/20,,3100.0,0.0,0.27,-6.17,-11.16,,,,,,,,,
442,GOOG,Alphabet,70.0,4.1,,,,9/8/19,137000000000.0,0.234,30736000000.0,1.427,233000000000.0,8.17E+11,Communication Services,Internet Content & Information,9/12/20,,127498.0,0.0,17.85,19.43,,,,,,,,,,
443,GOOGL,Alphabet (Google) (Class A),83.0,,,,yes,8/4/18,,,,,,,Communication Services,Internet Content & Information,9/12/20,,127498.0,0.0,17.13,18.26,15.88,,,,,,,,,
444,GPC,Genuine Parts,39.0,,,,,8/4/18,18735100000.0,0.149,810500000.0,0.314,12683000000.0,16350100000,Consumer Cyclical,Specialty Retail,9/12/20,,55000.0,3.2,8.47,6.59,11.38,,,,,,,,,
445,GPI,Group 1 Automotive,,,,,,,11601400000.0,0.043,157800000.0,-0.261,5001100000.0,1186600000,Consumer Cyclical,Auto & Truck Dealerships,9/12/20,,15296.0,0.0,11.23,2.02,13.62,,,,,,,,,
446,GPK,Graphic Packaging Holding,,,,,,,6023000000.0,0.368,221100000.0,-0.263,7059200000.0,3733300000,Consumer Cyclical,Packaging & Containers,9/12/20,,18000.0,2.17,3.95,1.92,16.71,,,,,,,,,
447,GPN,Global Payments,55.0,,,,,8/4/18,,,,,,,Industrials,Specialty Business Services,9/12/20,,24000.0,0.46,20.09,24.0,23.71,,,,,,,,,
448,GPRO,"GoPro, Inc.",,,,,,,,,,,,,Technology,Consumer Electronics,9/12/20,,926.0,0.0,-29.97,-35.04,,,,,,,,,,
449,GPS,Gap,40.0,,,,,8/4/18,16580000000.0,0.046,1003000000.0,0.183,8049000000.0,9911700000,Consumer Cyclical,Apparel Retail,9/12/20,,129000.0,0.0,-9.79,-8.38,3.32,,,,,,,,,
450,GRMN,Garmin Ltd.,71.0,,,,,8/4/18,,,,,,,Technology,Scientific & Technical Instruments,9/12/20,,15000.0,2.45,26.91,25.14,15.61,,,,,,,,,
451,GRPN,Groupon,36.0,,,,,8/4/18,,,,,,,Communication Services,Internet Content & Information,9/12/20,,6345.0,0.0,-28.39,-17.43,,,,,,,,,,
452,GRUB,GrubHub,70.0,,,,yes,8/4/18,,,,,,,Communication Services,Internet Content & Information,9/12/20,,2714.0,0.0,7.05,20.18,,,,,,,,,,
453,GS,Goldman Sachs Group,53.0,,,,,8/4/18,52528000000.0,0.243,10459000000.0,1.44,932000000000.0,70414900000,Financial Services,Capital Markets,9/12/20,,39100.0,2.5,-1.27,3.32,4.24,,,,,,,,,
454,GT,Goodyear Tire & Rubber,50.0,,,,,8/4/18,15475000000.0,0.006,693000000.0,1.003,16872000000.0,4215600000,Consumer Cyclical,Auto Parts,9/12/20,,62000.0,0.0,-29.68,-17.0,1.57,,,,,,,,,
455,GWW,W.W. Grainger,,,,,,,11221000000.0,0.076,782000000.0,0.335,5873000000.0,16732700000,Industrials,Industrial Distribution,9/12/20,,23800.0,1.74,31.22,11.45,13.27,0.0,0.0,0.0,0.0,,0.0,0.0,0.0,
456,H,Hyatt Hotels,68.0,,,,,8/4/18,,,,,,,Consumer Cyclical,Lodging,9/12/20,,55000.0,0.0,-1.91,1.84,3.78,,,,,,,,,
457,HAL,Halliburton,46.0,,,,,8/4/18,23995000000.0,0.164,1656000000.0,-,25982000000.0,25565500000,Energy,Oil & Gas Equipment & Services,9/12/20,,40000.0,1.2,-26.46,-13.9,-4.2,,,,,,,,,
458,HAS,Hasbro,68.0,,,,,8/4/18,,,,,,,Consumer Cyclical,Leisure,9/12/20,,5600.0,3.46,-3.39,3.35,8.49,0.0,0.0,0.0,0.0,,0.0,0.0,0.0,
459,HBAN,Huntington Bancshares,52.0,,,,,8/4/18,,,,,,,Financial Services,Banks—Regional,9/12/20,,15703.0,6.26,-3.55,1.82,8.0,,,,,,,,,
460,HBI,Hanesbrands,37.0,,,,,8/4/18,6804000000.0,0.05,553100000.0,7.936,7256000000.0,6463100000,Consumer Cyclical,Apparel Manufacturing,9/12/20,,63000.0,3.93,-12.24,-9.51,11.51,,,,,,,,,
461,HCA,HCA Holdings,60.0,,,,,8/4/18,46677000000.0,-0.02,3787000000.0,0.709,39207000000.0,44787000000,Healthcare,Medical Care Facilities,9/12/20,,210000.0,0.0,20.6,10.17,,,,,,,,,,
462,HCLTECH.NS,HCL Technologies Limited,,,,,maybe,,,,,,,,Technology,Information Technology Services,9/12/20,,,1.11,,,,,,,,,,,,
463,HCP,HCP,82.0,,,,,8/4/18,,,,,,,Real Estate,REIT - Healthcare Facilities,9/12/20,,,,,,,,,,,,,,,
464,HD,Home Depot,60.0,,,,,8/4/18,108000000000.0,0.072,11121000000.0,0.289,44003000000.0,2.12E+11,Consumer Cyclical,Home Improvement Retail,9/12/20,,400000.0,2.2,22.52,20.83,26.23,,,,,,,,,
465,HDB,HDFC Bank,64.0,,,,yes,8/4/18,,,,,,,Financial Services,Banks—Regional,9/12/20,,,0.0,0.38,12.28,11.76,,,,,,,,,
466,HDS,HD Supply Holdings,40.0,,,,,8/4/18,6047000000.0,-0.075,394000000.0,-0.594,4233000000.0,7402100000,Industrials,Industrial Distribution,9/12/20,,11000.0,0.0,6.25,4.43,,,,,,,,,,
467,HES,Hess,28.0,,,,,8/4/18,6466000000.0,0.196,-282000000.0,-,21433000000.0,18251800000,Energy,Oil & Gas E&P,9/12/20,,1775.0,2.3,4.17,-1.67,-0.56,,,,,,,,,
468,HFC,HollyFrontier,38.0,,,,,8/4/18,17714700000.0,0.243,1098000000.0,0.363,10994600000.0,8413600000,Energy,Oil & Gas Refining & Marketing,9/12/20,,4074.0,6.52,-8.58,-10.5,10.73,,,,,,,,,
469,HGG,hhgregg,20.0,,,,,8/4/18,,,,,,,,,9/12/20,,,,2.16,5.3,-6.66,,,,,,,,,
470,HI,"Hillenbrand, Inc.",,,,,,,,,,,,,Industrials,Specialty Industrial Machinery,9/12/20,,6500.0,2.78,-3.62,5.6,6.07,,,,,,,,,
471,HIG,Hartford Financial Services Group,60.0,,,,,8/4/18,19827000000.0,0.031,1807000000.0,-,62307000000.0,17872900000,Financial Services,Insurance—Diversified,9/12/20,,19500.0,3.34,-7.88,-0.9,7.32,,,,,,,,,
472,HII,Huntington Ingalls Industries,64.0,,,,,8/4/18,8176000000.0,0.099,836000000.0,0.745,6383000000.0,8631300000,Industrials,Aerospace & Defense,9/12/20,,42000.0,2.99,-9.33,7.02,,,,,,,,,,
473,HINDUNILVR.NS,Hindustan Unilever,,,,,,,,,,,,,Consumer Defensive,Household & Personal Products,9/12/20,,21000.0,1.1,,,,,,,,,,,,
474,HLF,Herbalife Nutrition Ltd.,,,,,,,,,,,,,Consumer Defensive,Packaged Foods,9/12/20,,9500.0,0.0,12.25,11.74,13.39,,,,,,,,,
475,HLT,Hilton Worldwide Holdings,71.0,,,,no,8/4/18,8906000000.0,-0.026,764000000.0,-0.393,13995000000.0,24292800000,Consumer Cyclical,Lodging,9/12/20,,173000.0,0.0,10.45,8.33,,,,,,,,,,
476,HMI,Huami,,,,,,,,,,,,,Technology,Scientific & Technical Instruments,9/12/20,,1132.0,0.0,,,,,,,,,,,,
477,HMLP,Hoegh LNG Partners,,,,,,,,,,,,,Energy,Oil & Gas Midstream,9/12/20,,,17.32,-4.88,1.91,,,,,,,,,,
478,HOG,Harley-Davidson,26.0,,,,,8/4/18,5716900000.0,0.012,531500000.0,0.019,10665700000.0,5670700000,Consumer Cyclical,Recreational Vehicles,9/12/20,,5600.0,0.28,-12.82,-8.92,3.76,,,,,,,,,
479,HOLX,Hologic,62.0,,,,,8/4/18,,,,,,,Healthcare,Medical Instruments & Supplies,9/12/20,,6478.0,0.0,16.54,9.11,15.06,,,,,,,,,
480,HON,Honeywell International,39.0,,,,,8/4/18,41802000000.0,0.031,6765000000.0,3.088,57773000000.0,1.16E+11,Industrials,Specialty Industrial Machinery,9/12/20,,113000.0,2.19,9.26,13.41,16.38,,,,,,,,,
481,HP,"Helmerich & Payne, Inc.",,,,,,,,,,,,,Energy,Oil & Gas Drilling,9/12/20,,4050.0,6.7,-21.25,-10.37,-1.36,,,,,,,,,
482,HPE,Hewlett Packard Enterprise,34.0,,,,,8/4/18,30852000000.0,0.069,1908000000.0,4.547,55493000000.0,21144900000,Technology,Communication Equipment,9/12/20,,61600.0,5.07,-7.37,,,,,,,,,,,
483,HPQ,HP,70.0,,,,,8/4/18,58472000000.0,0.123,5327000000.0,1.109,34622000000.0,29795900000,Technology,Computer Hardware,9/12/20,,56000.0,3.71,3.35,5.42,-0.03,,,,,,,,,
484,HRB,H&R Block,44.0,,,,,8/4/18,,,,,,,Consumer Cyclical,Personal Services,9/12/20,,3500.0,7.07,-11.2,-11.35,6.2,,,,,,,,,
485,HRL,Hormel Foods,71.0,,,,,8/4/18,9545700000.0,0.041,1012100000.0,0.195,8142300000.0,23976800000,Consumer Defensive,Packaged Foods,9/12/20,,18700.0,1.87,18.18,11.63,17.36,,,,,,,,,
486,HRS,Harris,48.0,,,,,8/4/18,,,,,,,Technology,Communication Equipment,9/12/20,,,,15.55,19.32,17.33,,,,,,,,,
487,HSC,Harsco Corp,,,,,,,,,,,,,Industrials,Specialty Industrial Machinery,9/12/20,,10500.0,0.0,-8.62,4.09,-2.9,,,,,,,,,
488,HSIC,Henry Schein,56.0,,,,,8/4/18,13202000000.0,0.059,535900000.0,0.319,8500500000.0,9100900000,Healthcare,Medical Distribution,9/12/20,,19000.0,0.0,-1.48,4.66,11.7,,,,,,,,,
489,HST,Host Hotels & Resorts,20.0,,,,,8/4/18,,,,,,,Real Estate,REIT—Hotel & Motel,9/12/20,,175.0,0.0,-9.54,-3.13,1.93,,,,,,,,,
490,HSY,Hershey,45.0,,,,,8/4/18,7791100000.0,0.037,1177600000.0,0.504,7703000000.0,23944300000,Consumer Defensive,Confectioners,9/12/20,,14520.0,2.22,12.05,11.77,13.84,,,,,,,,,
491,HTHIY,Hitachi,,,,,,,,,,,,,Industrials,Conglomerates,9/12/20,,301056.0,2.64,2.59,8.17,6.45,,,,,,,,,
492,HTZ,Hertz Global Holdings,,,,,,,9504000000.0,0.08,-225000000.0,-1.688,21382000000.0,1457800000,Industrials,Rental & Leasing Services,9/12/20,,38000.0,0.0,-60.26,-32.36,-12.67,,,,,,,,,
493,HUM,Humana,42.0,,,,,8/4/18,56912000000.0,0.058,1683000000.0,-0.313,25413000000.0,36079600000,Healthcare,Healthcare Plans,9/12/20,,46000.0,0.64,15.63,16.39,22.59,,,,,,,,,
494,HUN,Huntsman,,,,,,,11527000000.0,0.088,337000000.0,-0.47,7953000000.0,5251900000,Basic Materials,Chemicals,9/12/20,,10000.0,2.88,-3.69,11.16,11.37,,,,,,,,,
495,HVT,Haverty Furniture,,,,,,,,,,,,,Consumer Cyclical,Home Improvement Retail,9/12/20,,3425.0,3.77,0.56,2.74,11.96,,,,,,,,,
496,HXL,Hexcel,49.0,,,,,8/4/18,,,,,,,Industrials,Aerospace & Defense,9/12/20,,6977.0,0.0,-9.4,-2.71,8.8,,,,,,,,,
497,HXPN,Harris,,,,,,,6182000000.0,-0.109,718000000.0,0.298,9839000000.0,18839500000,Energy,Oil & Gas E&P,9/12/20,,17500.0,0.0,44.22,-9.71,80.27,,,,,,,,,
498,IAC,"InterActiveCorp (Tinder, Match, USA Network,...)",35.0,,,,,8/4/18,,,,,,,Communication Services,Internet Content & Information,9/12/20,,6400.0,0.0,,,,,,,,,,,,
499,IBM,International Business Machines,41.0,,,,,8/4/18,79591000000.0,0.006,8728000000.0,0.517,123000000000.0,1.26E+11,Technology,Information Technology Services,9/12/20,,352600.0,5.41,-1.02,0.58,2.89,,,,,,,,,
500,IBN,ICICI Bank,,,,,,,,,,,,,Financial Services,Banks—Regional,9/12/20,,,0.0,3.71,6.64,2.86,,,,,,,,,
501,IBULHSGFIN.NS,Indiabulls Housing Finance Limited,,,,,,,,,,,,,Financial Services,Mortgage Finance,9/12/20,,5405.0,12.33,,,,,,,,,,,,
502,ICE,Intercontinental Exchange,56.0,,,,,8/4/18,6276000000.0,0.076,1988000000.0,-0.209,92791000000.0,43074100000,Financial Services,Financial Data & Stock Exchanges,9/12/20,,6423.0,1.22,15.52,16.79,17.25,,,,,,,,,
503,ICON,Iconix Brand Group,,,,,,,,,,,,,Consumer Cyclical,Apparel Manufacturing,9/12/20,,118.0,0.0,-76.81,-64.73,-42.02,,,,,,,,,
504,IDA,Idacorp,,,,,,,,,,,,,Utilities,Utilities—Regulated Electric,9/12/20,,1985.0,3.19,-0.51,10.04,11.12,,,,,,,,,
505,IDXX,IDEXX Laboratories,54.0,,,,,8/4/18,,,,,,,Healthcare,Diagnostics & Research,9/12/20,,9000.0,0.0,,,,,,,,,,,,
506,IEP,Icahn Enterprises L.P.,,,,,,,18979000000.0,-0.127,1507000000.0,-0.38,23396000000.0,13874600000,Industrials,Conglomerates,9/12/20,,28033.0,16.34,10.45,4.26,11.36,,,,,,,,,
507,IFF,Intl Flavors & Fragrances,35.0,,,,,8/4/18,,,,,,,Basic Materials,Specialty Chemicals,9/12/20,,13668.0,2.56,-3.23,4.66,11.77,,,,,,,,,
508,IGT,International Game Technology PLC,,,,,,8/4/18,,,,,,,Consumer Cyclical,Gambling,9/12/20,,12000.0,7.07,-13.11,-1.83,1.0,,,,,,,,,
509,IHRT,iHeartMedia,31.0,,,,,8/4/18,6325800000.0,0.026,-201900000.0,-,12269500000.0,97400000,Communication Services,Broadcasting,9/12/20,,11400.0,0.0,,,,,,,,,,,,
510,III.L,3i Group Plc,,,,,,,,,,,,,,,9/12/20,,,0.0,,,,,,,,,,,,
511,IIVI,II-VI Inc,,,,,,,,,,,,,Technology,Scientific & Technical Instruments,9/12/20,,22969.0,0.0,-1.21,17.06,7.7,,,,,,,,,
512,ILMN,Illumina,69.0,,,,maybe,8/4/18,,,,,,,Healthcare,Diagnostics & Research,9/12/20,,7700.0,0.0,18.14,11.13,22.75,,,,,,,,,
513,IMB.L,Imperial Brands Plc,,,,,,,,,,,,,Consumer Defensive,Tobacco,9/12/20,,32000.0,6.15,,,,,,,,,,,,
514,INDUSINDBK.NS,IndusInd Bank Limited,,,,,,,,,,,,,Financial Services,Banks—Regional,9/12/20,,30674.0,0.0,,,,,,,,,,,,
515,INFN,Infinera Corporation,,,,,,,,,,,,,Technology,Communication Equipment,9/12/20,,3209.0,0.0,-8.68,-20.9,-4.55,,,,,,,,,
516,INFO,HIS Markit Ltd,,,,,,,,,,,,,Industrials,Consulting Services,9/12/20,,15500.0,0.88,17.45,18.76,15.83,,,,,,,,,
517,INFY.NS,Infosys Limited,,,,,,,,,,,,,Technology,Information Technology Services,9/12/20,,239233.0,1.86,,,,,,,,,,,,
518,INGR,Ingredion,,,,,,,5841000000.0,0.002,443000000.0,-0.146,5728000000.0,6312700000,Consumer Defensive,Packaged Foods,9/12/20,,11000.0,3.17,-11.49,1.61,10.26,,,,,,,,,
519,INO,"Inovio Pharmaceuticals, Inc.",,,,,,,,,,,,,Healthcare,Biotechnology,9/12/20,,190.0,0.0,18.68,6.55,8.54,,,,,,,,,
520,INT,World Fuel Services,43.0,,,,,8/4/18,,,,,,,Energy,Oil & Gas Refining & Marketing,9/12/20,,5500.0,1.68,-11.69,-7.91,-0.28,,,,,,,,,
521,INTC,Intel,57.0,,,,maybe,8/4/18,70848000000.0,0.129,21053000000.0,1.193,128000000000.0,2.41E+11,Technology,Semiconductors,9/12/20,,110.0,2.7,14.01,13.33,12.7,,,,,,,,,
522,INTC,Intel,57.0,,,,maybe,8/4/18,70848000000.0,0.129,21053000000.0,1.193,128000000000.0,2.41E+11,Technology,Semiconductors,9/12/20,,110.0,2.7,14.01,13.33,12.7,,,,,,,,,
523,INTC,Intel,57.0,,,,maybe,8/4/18,39750300000.0,0.18,127700000.0,-,5676900000.0,1940600000,Technology,Semiconductors,9/12/20,,110.0,2.7,14.01,13.33,12.7,,,,,,,,,
524,INTC,Intel,57.0,,,,maybe,8/4/18,39750300000.0,0.18,127700000.0,-,5676900000.0,1940600000,Technology,Semiconductors,9/12/20,,110.0,2.7,14.01,13.33,12.7,,,,,,,,,
525,INTL,INTL FCStone,,,,,,,27622700000.0,-0.061,55500000.0,7.672,7824700000.0,739500000,Financial Services,Capital Markets,9/12/20,,1701.0,0.0,,,,,,,,,,,,
526,INTU,Intuit,84.0,,,,,8/4/18,5964000000.0,0.152,1211000000.0,0.247,5178000000.0,67724300000,Technology,Software—Application,9/12/20,,10600.0,0.74,30.99,29.33,22.33,,,,,,,,,
527,INVA,Innoviva,,,,,,,,,,,,,Healthcare,Biotechnology,9/12/20,,5.0,0.0,-5.64,2.52,2.0,,,,,,,,,
528,IP,International Paper,58.0,,,,,8/4/18,23306000000.0,0,2012000000.0,-0.062,33576000000.0,18518900000,Consumer Cyclical,Packaging & Containers,9/12/20,,50000.0,5.4,-7.18,3.09,9.55,,,,,,,,,
529,IPG,Interpublic Group,73.0,,,,,8/4/18,9714400000.0,0.232,618900000.0,0.069,15620300000.0,8087000000,Communication Services,Advertising Agencies,9/12/20,,54300.0,6.02,-0.49,1.6,9.11,,,,,,,,,
530,IPGP,IPG Photonics Corp,,,,,,,,,,,,,Technology,Semiconductor Equipment & Materials,9/12/20,,5960.0,0.0,-3.63,13.51,21.58,,,,,,,,,
531,IQV,IQVIA Holdings,55.0,3.5,,,,9/8/19,10412000000.0,0.069,259000000.0,-0.802,22549000000.0,28280900000,Healthcare,Diagnostics & Research,9/12/20,,67000.0,0.0,18.06,16.02,,,,,,,,,,
532,IR,Ingersoll-Rand PLC,61.0,,,,,8/4/18,,,,,,,Industrials,Specialty Industrial Machinery,9/12/20,,6600.0,0.0,14.63,,,,,,,,,,,
533,IRM,Iron Mountain,41.0,,,,,8/4/18,,,,,,,Real Estate,REIT—Specialty,9/12/20,,25000.0,8.3,-2.85,7.43,9.99,,,,,,,,,
534,IRT,"Independence Realty Trust, Inc.",,,,,,,,,,,,,Real Estate,REIT—Residential,9/12/20,,410.0,4.15,8.52,15.72,,,,,,,,,,
535,ISP.MI,Intesa Sanpaolo,,,,,,,,,,,,,Financial Services,Banks—Regional,9/12/20,,87996.0,0.0,,,,,,,,,,,,
536,ISRG,Intuitive Surgical,94.0,,,,yes,8/4/18,,,,,,,Healthcare,Medical Instruments & Supplies,9/12/20,,7326.0,0.0,26.33,32.54,22.37,,,,,,,,,
537,ITC.BO,ITC Limited,,,,,,,,,,,,,Consumer Defensive,Tobacco,9/12/20,,,5.49,,,,,,,,,,,,
538,ITRI,Itron,48.0,,,,,8/4/18,,,,,,,Technology,Scientific & Technical Instruments,9/12/20,,6700.0,0.0,-7.06,15.46,0.04,,,,,,,,,
539,ITV.L,ITV Plc,,,,,,,,,,,,,Communication Services,Broadcasting,9/12/20,,6416.0,0.0,,,,,,,,,,,,
540,ITW,Illinois Tool Works,59.0,,,,,8/4/18,14768000000.0,0.032,2563000000.0,0.519,14870000000.0,46922600000,Industrials,Specialty Industrial Machinery,9/12/20,,45000.0,2.38,13.49,20.42,16.99,,,,,,,,,
541,ITX.MC,Industria de Diseno Textil SA,,,,,,,,,,,,,Consumer Cyclical,Apparel Retail,9/12/20,,75942.0,2.84,,,,,,,,,,,,
542,IVC,Invacare Corporation,,,,,,,,,,,,,Healthcare,Medical Devices,9/12/20,,3900.0,0.0,-22.62,-14.19,-11.33,,,,,,,,,
543,IVZ,Invesco Ltd.,61.0,,,,,8/4/18,,,,,,,Financial Services,Asset Management,9/12/20,,8717.0,6.04,-24.39,-13.29,-0.07,,,,,,,,,
544,JBHT,J.B. Hunt Transport Services,58.0,,,,,8/4/18,8614900000.0,0.198,489600000.0,-0.287,5091600000.0,11014200000,Industrials,Integrated Freight & Logistics,9/12/20,,29056.0,0.79,10.83,12.82,15.45,,,,,,,,,
545,JBL,Jabil Circuit,54.0,,,,no,8/4/18,22095400000.0,0.159,86300000.0,-0.331,12045600000.0,4113900000,Technology,Electronic Components,9/12/20,,200000.0,1.04,0.42,10.31,10.73,,,,,,,,,
546,JBLU,JetBlue Airways,66.0,,,,no,8/4/18,7658000000.0,0.092,188000000.0,-0.836,10426000000.0,5014900000,Industrials,Airlines,9/12/20,,16759.0,0.0,-13.97,-13.63,8.05,,,,,,,,,
547,JCI,Johnson Controls International,42.0,,,,,8/4/18,,,,,,,Industrials,Engineering & Construction,9/12/20,,105000.0,2.53,4.36,5.91,7.21,,,,,,,,,
548,JCP,J.C. Penney,33.0,,,,,8/4/18,12019000000.0,-0.039,-255000000.0,-,7721000000.0,471400000,Consumer Cyclical,Department Stores,9/12/20,,95000.0,0.0,-59.08,-51.38,-34.73,,,,,,,,,
549,JD,"JD.com, Inc.",,,,,,,,,,,,,Consumer Cyclical,Internet Retail,9/12/20,,240000.0,0.0,20.84,25.05,,,,,,,,,,
550,JE/:LN,Just Eat PLC,,,,,,,,,,,,,,,9/12/20,,,0.0,,,,,,,,,,,,
551,JEC,Jacobs Engineering Group,48.0,,,,,8/4/18,14984600000.0,0.495,163400000.0,-0.444,12645800000.0,10490300000,Industrials,Engineering & Construction,9/12/20,,77600.0,0.0,-8.55,-9.99,-8.02,,,,,,,,,
552,JEF,Jefferies Financial Group,,,,,,,8151800000.0,-0.343,1026800000.0,4.979,47131100000.0,5686900000,Financial Services,Financial Conglomerates,9/12/20,,4800.0,3.52,-3.21,0.22,-0.18,,,,,,,,,
553,JHG,Janus Henderson Group PLC,,,,,no,8/4/18,,,,,,,Financial Services,Asset Management,9/12/20,,2335.0,7.48,-11.29,,,,,,,,,,,
554,JLL,Jones Lang LaSalle,,,,,,,16318400000.0,1.057,484500000.0,0.906,10025500000.0,7033900000,Real Estate,Real Estate Services,9/12/20,,93400.0,0.85,-5.55,-7.04,2.87,,,,,,,,,
555,JMAT.L,Johnson Matthey Plc,,,,,,,,,,,,,Basic Materials,Specialty Chemicals,9/12/20,,13632.0,2.13,,,,,,,,,,,,
556,JMEI,Jumei International Holding Limited,,,,,,,,,,,,,Consumer Cyclical,Specialty Retail,9/12/20,,,0.0,,,,,,,,,,,,
557,JNJ,Johnson & Johnson,70.0,,,,,8/4/18,81581000000.0,0.067,15297000000.0,10.767,153000000000.0,3.72E+11,Healthcare,Drug Manufacturers—General,9/12/20,,132200.0,2.75,6.05,12.2,11.49,,,,,,,,,
558,JNPR,Juniper Networks,43.0,,,,,8/4/18,,,,,,,Technology,Communication Equipment,9/12/20,,9838.0,3.5,-2.12,0.66,-0.61,,,,,,,,,
559,JPM,J.P. Morgan Chase,63.0,,,,maybe,8/4/18,131000000000.0,0.154,32474000000.0,0.329,2620000000000.0,3.31E+11,Financial Services,Banks—Diversified,9/12/20,,256710.0,3.61,7.04,12.73,11.68,,,,,,,,,
560,JSWSTEEL.NS,JSW Steel Limited,,,,,,,,,,,,,Basic Materials,Steel,9/12/20,,,0.7,,,,,,,,,,,,
561,JWN,Nordstrom,51.0,,,,,8/4/18,15860000000.0,0.025,564000000.0,0.291,7886000000.0,6879000000,Consumer Cyclical,Department Stores,9/12/20,,75000.0,0.0,-25.93,-18.8,-0.45,,,,,,,,,
562,K,Kellogg,33.0,,,,,8/4/18,13547000000.0,0.048,1336000000.0,0.053,17780000000.0,19722600000,Consumer Defensive,Packaged Foods,9/12/20,,31000.0,3.45,1.61,2.63,5.22,,,,,,,,,
563,KAMN,Kaman,33.0,,,,,8/4/18,,,,,,,Industrials,Aerospace & Defense,9/12/20,,2935.0,1.9,-3.11,4.34,7.83,,,,,,,,,
564,KBH,KB Home,,,,,,,,,,,,,Consumer Cyclical,Residential Construction,9/12/20,,2140.0,1.0,19.97,20.59,12.63,,,,,,,,,
565,KDP,Keurig Dr Pepper,40.0,3.1,,,,9/8/19,7442000000.0,0.112,586000000.0,-0.455,48918000000.0,39328100000,Consumer Defensive,Beverages—Non-Alcoholic,9/12/20,,26000.0,2.1,13.74,12.75,15.52,,,,,,,,,
566,KEY,KeyCorp,54.0,,,,,8/4/18,7393000000.0,0.076,1866000000.0,0.44,140000000000.0,15888400000,Financial Services,Banks—Regional,9/12/20,,16587.0,6.02,-5.67,2.08,6.85,,,,,,,,,
567,KEY.TO,Keyera Corp.,,,,,,,,,,,,,Energy,Oil & Gas Midstream,9/12/20,,1074.0,8.62,,,,,,,,,,,,
568,KEYS,"Keysight Technologies, Inc.",68.0,3.8,,,,9/8/19,,,,,,,Technology,Scientific & Technical Instruments,9/12/20,,13800.0,0.0,32.18,22.97,,,,,,,,,,
569,KFRC,Kforce,,,,,,,,,,,,,Industrials,Staffing & Employment Services,9/12/20,,2100.0,2.38,25.06,6.38,11.56,,,,,,,,,
570,KFY,Korn Ferry,,,,,,,,,,,,,Industrials,Staffing & Employment Services,9/12/20,,8198.0,1.4,-5.85,-1.93,7.18,,,,,,,,,
571,KHC,Kraft Heinz,29.0,,,,,8/4/18,26259000000.0,0.001,-10229000000.0,-1.93,104000000000.0,39814600000,Consumer Defensive,Packaged Foods,9/12/20,,37000.0,5.08,-23.04,-10.25,,,,,,,,,,
572,KIM,Kimco Realty,63.0,,,,,8/4/18,,,,,,,Real Estate,REIT—Retail,9/12/20,,502.0,0.0,-9.94,-5.98,3.05,,,,,,,,,
573,KIO.JO,Kumba Iron Ore Limited,,,,,,,,,,,,,Basic Materials,Steel,9/12/20,,,7.53,,,,,,,,,,,,
574,KKR,KKR,91.0,,,,no,8/4/18,,,,,,,Financial Services,Asset Management,9/12/20,,1384.0,1.56,24.89,15.39,15.9,,,,,,,,,
575,KLAC,KLA-Tencor,64.0,,,,maybe,8/4/18,,,,,,,Technology,Semiconductor Equipment & Materials,9/12/20,,10600.0,2.08,23.06,29.34,22.13,,,,,,,,,
576,KMB,Kimberly-Clark,40.0,,,,,8/4/18,18486000000.0,0.012,1410000000.0,-0.381,14518000000.0,42635200000,Consumer Defensive,Household & Personal Products,9/12/20,,40000.0,2.89,10.37,10.09,10.92,,,,,,,,,
577,KMI,Kinder Morgan,47.0,,,,,8/4/18,14144000000.0,0.032,1609000000.0,7.792,78866000000.0,45294800000,Energy,Oil & Gas Midstream,9/12/20,,11086.0,8.13,-7.48,-11.03,,,,,,,,,,
578,KMX,CarMax,57.0,,,,,8/4/18,17976800000.0,0.081,664100000.0,0.059,17486300000.0,11690000000,Consumer Cyclical,Auto & Truck Dealerships,9/12/20,,27050.0,0.0,14.05,11.04,16.33,,,,,,,,,
579,KO,Coca-Cola,48.0,,,,maybe,8/4/18,31856000000.0,-0.1,6434000000.0,4.155,83216000000.0,2.00E+11,Consumer Defensive,Beverages—Non-Alcoholic,9/12/20,,86200.0,3.28,6.24,8.84,8.14,,,,,,,,,
580,KOPN,Kopin Corporation,,,,,,,,,,,,,Technology,Electronic Components,9/12/20,,153.0,0.0,-32.06,-16.45,-8.51,,,,,,,,,
581,KORS,Michael Kors Holdings,40.0,,,,,8/4/18,,,,,,,Consumer Cyclical,Apparel Manufacturing,9/12/20,,,,,,,,,,,,,,,
582,KOTAKBANK.NS,Kotak Mahindra Bank,,,,,,,,,,,,,Financial Services,Banks—Regional,9/12/20,,,0.0,,,,,,,,,,,,
583,KR,Kroger,35.0,3.1,,,,8/4/18,121000000000.0,-0.012,3110000000.0,0.631,38118000000.0,19630800000,Consumer Defensive,Grocery Stores,9/12/20,,500000.0,2.07,19.03,-0.21,13.7,,,,,,,,,
584,KRA,Kraton Corp,,,,,,,,,,,,,Basic Materials,Specialty Chemicals,9/12/20,,1944.0,0.0,-19.0,-3.74,-4.42,,,,,,,,,
585,KSS,Kohls,50.0,,,,,8/4/18,20229000000.0,0.059,801000000.0,-0.068,12469000000.0,11220900000,Consumer Cyclical,Department Stores,9/12/20,,122000.0,0.0,-13.88,-8.92,-2.34,,,,,,,,,
586,KSU,Kansas City Southern,33.0,,,,,8/4/18,,,,,,,Industrials,Railroads,9/12/20,,7040.0,0.86,21.57,15.86,17.83,,,,,,,,,
587,KYCCF,Keyence Corp,,,,,,,,,,,,,Technology,Scientific & Technical Instruments,9/12/20,,8419.0,0.22,15.98,31.09,,,,,,,,,,
588,L,Loews,44.0,3.3,,,,9/8/19,14066000000.0,0.024,636000000.0,-0.454,78316000000.0,14920600000,Financial Services,Insurance—Property & Casualty,9/12/20,,18605.0,0.7,-8.31,0.12,0.34,,,,,,,,,
589,LAD,Lithia Motors,51.0,3.5,,,maybe,9/8/19,11821400000.0,0.172,265700000.0,0.084,5384000000.0,2147000000,Consumer Cyclical,Auto & Truck Dealerships,9/12/20,,14320.0,0.51,30.21,17.63,40.57,,,,,,,,,
590,LB,L Brands,60.0,,,,,8/4/18,13236900000.0,0.048,643900000.0,-0.345,8090200000.0,7589900000,Consumer Cyclical,Apparel Retail,9/12/20,,25500.0,0.0,-4.99,-15.74,8.66,,,,,,,,,
591,LBTYA,Liberty Global,,,,,,8/4/18,,,,,,,Communication Services,Entertainment,9/12/20,,20200.0,0.0,-12.37,-12.5,9.04,,,,,,,,,
592,LDOS,Leidos Holdings,49.0,,,,,8/4/18,10194000000.0,0.002,581000000.0,0.587,8770000000.0,9205100000,Technology,Information Technology Services,9/12/20,,37000.0,1.58,16.63,20.28,8.36,,,,,,,,,
593,LEA,Lear,61.0,3.6,,,,9/8/19,21148500000.0,0.033,1149800000.0,-0.125,11600700000.0,8470400000,Consumer Cyclical,Auto Parts,9/12/20,,164100.0,0.0,-6.12,4.1,14.02,,,,,,,,,
594,LEG,Leggett & Platt,57.0,,,,,8/4/18,,,,,,,Consumer Cyclical,"Furnishings, Fixtures & Appliances",9/12/20,,22000.0,3.62,2.71,3.18,10.42,,,,,,,,,
595,LEN,Lennar,52.0,,,,,8/4/18,20571600000.0,0.627,1695800000.0,1.092,28566200000.0,15513800000,Consumer Cyclical,Residential Construction,9/12/20,,10106.0,0.66,15.53,8.92,18.73,,,,,,,,,
596,LEVI,Levis,,,,,,,5575400000.0,0.137,283100000.0,0.006,3542700000.0,9207800000,Consumer Cyclical,Apparel Manufacturing,9/12/20,,15800.0,2.24,,,,,,,,,,,,
597,LFC,China Life Insurance,,,,,,,,,,,,,Financial Services,Insurance—Life,9/12/20,,101541.0,4.42,-7.27,-5.05,-2.94,,,,,,,,,
598,LH,Laboratory Corp. of America,40.0,,,,,8/4/18,11333400000.0,0.085,883700000.0,-0.303,16185300000.0,15095800000,Healthcare,Diagnostics & Research,9/12/20,,65000.0,0.0,4.46,8.89,9.0,,,,,,,,,
599,LII,Lennox International,70.0,,,,,8/4/18,,,,,,,Industrials,Specialty Industrial Machinery,9/12/20,,11200.0,1.14,18.78,18.49,21.09,,,,,,,,,
600,LILAK,Liberty Latin America Ltd,,,,,,8/4/18,,,,,,,Communication Services,Telecom Services,9/12/20,,10000.0,0.0,-28.48,-25.28,,,,,,,,,,
601,LKQ,LKQ,49.0,,,,,8/4/18,11876700000.0,0.206,480100000.0,-0.1,11393400000.0,8926400000,Consumer Cyclical,Auto Parts,9/12/20,,51000.0,0.0,-3.13,1.19,12.64,,,,,,,,,
602,LLL,L3 Technologies,42.0,,,,,8/4/18,10841000000.0,-0.015,1005000000.0,0.484,13518000000.0,16368200000,Industrials,Aerospace & Defense,9/12/20,,31000.0,,,,,,,,,,,,,
603,LLNW,Limelight Networks,,,,,,,,,,,,,Technology,Software—Infrastructure,9/12/20,,627.0,0.0,12.57,16.11,1.47,,,,,,,,,
604,LLY,Lilly (Eli) & Co.,50.0,,,,,8/4/18,24555700000.0,0.074,3232000000.0,-,43908400000.0,1.34E+11,Healthcare,Drug Manufacturers—General,9/12/20,,34720.0,2.02,23.5,14.33,16.95,,,,,,,,,
605,LMT,Lockheed Martin,60.0,,,,,8/4/18,53762000000.0,0.053,5046000000.0,1.52,44876000000.0,84887600000,Industrials,Aerospace & Defense,9/12/20,,110000.0,2.53,10.95,15.75,20.46,,,,,,,,,
606,LNC,Lincoln Financial Group,49.0,3.2,,,,9/8/19,16424000000.0,0.152,1641000000.0,-0.211,298000000000.0,11992000000,Financial Services,Insurance—Life,9/12/20,,11357.0,4.64,-16.78,-3.96,5.37,,,,,,,,,
607,LNG,Cheniere Energy,,,,,,,7987000000.0,0.426,471000000.0,-,31987000000.0,17596900000,Energy,Oil & Gas Midstream,9/12/20,,1530.0,0.0,4.89,-1.46,33.83,,,,,,,,,
608,LNT,Alliant Energy,71.0,,,,,8/4/18,,,,,,,Utilities,Utilities—Regulated Electric,9/12/20,,3597.0,2.92,8.75,16.18,13.42,,,,,,,,,
609,LNVGY,Lenovo Group Limited,,,,,,,,,,,,,Technology,Computer Hardware,9/12/20,,63000.0,8.35,12.42,-0.25,4.81,,,,,,,,,
610,LOW,Lowes,45.0,,,,,8/4/18,71309000000.0,0.039,2314000000.0,-0.329,34508000000.0,87685500000,Consumer Cyclical,Home Improvement Retail,9/12/20,,300000.0,1.52,29.37,19.95,23.24,,,,,,,,,
611,LRCX,Lam Research,78.0,,,,no,8/4/18,11077000000.0,0.382,2380700000.0,0.402,12479500000.0,27315800000,Technology,Semiconductor Equipment & Materials,9/12/20,,11300.0,1.75,21.59,33.81,23.92,,,,,,,,,
612,LSXMA,Liberty Media,,,,,,,8040000000.0,0.059,531000000.0,-0.608,40828000000.0,12349500000,Communication Services,Broadcasting,9/12/20,,4641.0,0.0,,,,,,,,,,,,
613,LTC,LTC Properties,,,,,,,,,,,,,Real Estate,REIT—Healthcare Facilities,9/12/20,,22.0,6.13,-4.16,4.01,8.61,,,,,,,,,
614,LUK,Leucadia National,100.0,,,,no,8/4/18,,,,,,,Financials,Multi-Sector Holdings,9/12/20,,,,15.75,16.98,6.07,,,,,,,,,
615,LUKOY,LukOil,47.0,3.6,,,,9/8/19,,,,,,,Energy,Oil & Gas Integrated,9/12/20,,101374.0,15.78,15.18,17.97,5.53,,,,,,,,,
616,LULU,Lululemon Athletica Inc.,,,,,,,,,,,,,Consumer Cyclical,Apparel Retail,9/12/20,,19000.0,0.0,71.72,42.14,31.5,,,,,,,,,
617,LUV,Southwest Airlines,81.0,4.3,,,maybe,9/8/19,21965000000.0,0.038,2465000000.0,-0.293,26243000000.0,28690100000,Industrials,Airlines,9/12/20,,61118.0,0.0,-8.87,1.41,13.8,,,,,,,,,
618,LVS,Las Vegas Sands,,,,,,,13729000000.0,0.066,2413000000.0,-0.14,22547000000.0,47247200000,Consumer Cyclical,Resorts & Casinos,9/12/20,,50000.0,0.0,-2.14,7.04,8.92,,,,,,,,,
619,LYB,LyondellBasell,58.0,,,,,8/4/18,,,,,,,Basic Materials,Specialty Chemicals,9/12/20,,19100.0,5.92,-2.61,2.17,18.07,,,,,,,,,
620,LYFT,Lyft,,,,,,,,,,,,,Technology,Software—Application,9/12/20,,4973.0,0.0,,,,,,,,,,,,
621,LYV,Live Nation Entertainment,64.0,,,,,8/4/18,10787800000.0,0.044,60200000.0,-,8496900000.0,13400500000,Communication Services,Entertainment,9/12/20,,10500.0,0.0,11.55,17.95,19.86,,,,,,,,,
622,M,Macys,31.0,,,,,8/4/18,25739000000.0,0.036,1108000000.0,-0.284,19194000000.0,7388400000,Consumer Cyclical,Department Stores,9/12/20,,123000.0,0.0,-19.51,-25.0,-1.31,,,,,,,,,
623,MA,MasterCard,76.0,,,,yes,8/4/18,14950000000.0,0.196,5859000000.0,0.497,24860000000.0,2.42E+11,Financial Services,Credit Services,9/12/20,,18600.0,0.48,32.98,29.71,32.75,,,,,,,,,
624,MAA,Mid-America Apartments,39.0,,,,,8/4/18,,,,,,,Real Estate,REIT—Residential,9/12/20,,2476.0,3.44,5.28,11.52,9.99,,,,,,,,,
625,MAC,Macerich,32.0,,,,,8/4/18,,,,,,,Real Estate,REIT—Retail,9/12/20,,723.0,7.89,-34.82,-19.8,-1.52,,,,,,,,,
626,MACK,"Merrimack Pharmaceuticals, Inc.",,,,,,,,,,,,,Healthcare,Biotechnology,9/12/20,,,0.0,-26.37,-31.06,,,,,,,,,,
627,MAN,ManpowerGroup,,,,,,,21991200000.0,0.045,556700000.0,0.021,8519800000.0,4964700000,Industrials,Staffing & Employment Services,9/12/20,,28000.0,3.18,-13.39,-2.43,5.77,,,,,,,,,
628,MAR,Marriott International,64.0,,,,,8/4/18,20758000000.0,-0.093,1907000000.0,0.39,23696000000.0,42117100000,Consumer Cyclical,Lodging,9/12/20,,174000.0,0.0,-0.37,7.71,12.0,,,,,,,,,
629,MARUTI.NS,Maruti Suzuki India Limited,,,,,,,,,,,,,Consumer Cyclical,Auto Manufacturers,9/12/20,,,0.83,,,,,,,,,,,,
630,MAS,Masco,54.0,,,,,8/4/18,8359000000.0,0.094,734000000.0,0.377,5393000000.0,11568700000,Industrials,Building Products & Equipment,9/12/20,,22000.0,0.94,16.8,17.52,19.56,,,,,,,,,
631,MAT,Mattel,18.0,,,,,8/4/18,,,,,,,Consumer Cyclical,Leisure,9/12/20,,24000.0,0.0,-10.93,-9.37,-0.52,,,,,,,,,
632,MATW,Matthews International Corporation,,,,,,,,,,,,,Industrials,Conglomerates,9/12/20,,11000.0,3.65,-24.17,-11.9,-1.17,,,,,,,,,
633,MBT,Mobile Telesystems,,,,,,,,,,,,,Communication Services,Telecom Services,9/12/20,,,13.1,3.33,13.03,-1.34,,,,,,,,,
634,MCD,McDonalds,40.0,,,,,8/4/18,21025200000.0,-0.079,5924300000.0,0.141,32811200000.0,1.45E+11,Consumer Cyclical,Restaurants,9/12/20,,205000.0,2.3,12.77,19.66,12.97,,,,,,,,,
635,MCHP,Microchip Technology,74.0,,,,yes,8/4/18,,,,,,,Technology,Semiconductors,9/12/20,,18000.0,1.46,5.94,19.72,15.16,,,,,,,,,
636,MCK,McKesson,42.0,,,,,8/4/18,208000000000.0,0.049,67000000.0,-0.987,60381000000.0,22455100000,Healthcare,Medical Distribution,9/12/20,,60000.0,1.11,-0.89,-4.46,10.54,,,,,,,,,
637,MCO,Moodys,63.0,,,,,8/4/18,,,,,,,Financial Services,Financial Data & Stock Exchanges,9/12/20,,11279.0,0.79,28.91,23.66,28.15,,,,,,,,,
638,MD,"MEDNAX, Inc.",,,,,,,,,,,,,Healthcare,Medical Care Facilities,9/12/20,,9480.0,0.0,-24.95,-25.9,-3.14,,,,,,,,,
639,MDLZ,Mondelez International,41.0,,,,,8/4/18,25938000000.0,0.002,3381000000.0,0.157,62729000000.0,72171700000,Consumer Defensive,Confectioners,9/12/20,,80000.0,2.21,13.74,7.77,10.12,,,,,,,,,
640,MDT,Medtronic plc,62.0,,,,,8/4/18,,,,,,,Healthcare,Medical Devices,9/12/20,,90000.0,2.21,10.78,10.32,13.63,,,,,,,,,
641,MED,"Medifast, Inc.",37.0,3.0,,,,9/8/19,,,,,,,Consumer Cyclical,Personal Services,9/12/20,,550.0,2.59,49.84,45.88,21.37,,,,,,,,,
642,MELI,MercadoLibre,,,,,yes,8/4/18,,,,,,,Consumer Cyclical,Internet Retail,9/12/20,,9703.0,0.0,53.58,57.94,30.47,,,,,,,,,
643,MET,MetLife,40.0,,,,,8/4/18,67941000000.0,0.027,5123000000.0,0.278,688000000000.0,40751000000,Financial Services,Insurance—Life,9/12/20,,48000.0,4.88,-3.03,1.36,3.58,,,,,,,,,
644,MGLN,Magellan Health,,,,,,,7314200000.0,0.253,24200000.0,-0.781,2979100000.0,1577200000,Healthcare,Healthcare Plans,9/12/20,,10100.0,0.0,-3.34,5.35,5.0,,,,,,,,,
645,MGM,MGM Resorts International,46.0,3.5,,,,9/8/19,11763100000.0,0.092,466800000.0,-0.762,30210700000.0,13777300000,Consumer Cyclical,Resorts & Casinos,9/12/20,,63000.0,0.04,-10.15,3.02,8.93,,,,,,,,,
646,MGNX,"MacroGenics, Inc.",,,,,,,,,,,,,Healthcare,Biotechnology,9/12/20,,384.0,0.0,13.83,0.17,,,,,,,,,,
647,MHK,Mohawk Industries,64.0,,,,,8/4/18,9983600000.0,0.052,861700000.0,-0.113,13099100000.0,9121900000,Consumer Cyclical,"Furnishings, Fixtures & Appliances",9/12/20,,41800.0,0.0,-27.85,-14.05,7.25,,,,,,,,,
648,MHO,MI Homes,,,,,,,,,,,,,Consumer Cyclical,Residential Construction,9/12/20,,1401.0,0.0,23.9,12.69,15.41,,,,,,,,,
649,MHVYF,Mitsubishi Heavy Industries,,,,,,,,,,,,,Industrials,Specialty Industrial Machinery,9/12/20,,81631.0,5.69,-11.75,-9.34,-1.5,,,,,,,,,
650,MIDD,Middleby,,,,,,,,,,,,,Industrials,Specialty Industrial Machinery,9/12/20,,9778.0,0.0,-7.98,-3.07,17.13,,,,,,,,,
651,MKC,McCormick and Company,50.0,,,,,8/4/18,,,,,,,Consumer Defensive,Packaged Foods,9/12/20,,12400.0,1.25,27.94,20.9,18.09,,,,,,,,,
652,MKL,Markel,,,,,,,6841300000.0,0.129,-128200000.0,-1.324,33306300000.0,13813200000,Financial Services,Insurance—Property & Casualty,9/12/20,,18600.0,0.0,0.53,5.11,12.07,,,,,,,,,
653,MKTX,MarketAxess Holdings,,,,,yes,,,,,,,,Financial Services,Capital Markets,9/12/20,,561.0,0.53,36.66,36.49,40.05,,,,,,,,,
654,MLHR,Herman Miller Inc,,,,,,,,,,,,,Consumer Cyclical,"Furnishings, Fixtures & Appliances",9/12/20,,7600.0,0.0,-10.38,-0.83,4.4,,,,,,,,,
655,MLM,Martin Marietta Materials,66.0,,,,,8/4/18,,,,,,,Basic Materials,Building Materials,9/12/20,,8846.0,1.1,1.87,5.04,11.38,,,,,,,,,
656,MLPX,MLPX,,,,,,,,,,,,,,,9/12/20,,,,,,,,,,,,,,,
657,MLR,Miller Industries,,,,,,,,,,,,,Consumer Cyclical,Auto Parts,9/12/20,,1310.0,2.34,10.35,11.29,11.29,,,,,,,,,
658,MMC,Marsh & McLennan,53.0,,,,,8/4/18,14950000000.0,0.066,1650000000.0,0.106,21578000000.0,47660100000,Financial Services,Insurance Brokers,9/12/20,,76000.0,1.61,14.17,17.96,18.2,,,,,,,,,
659,MMLP,Martin Midstream Partners L.P.,44.0,,,,,8/4/18,,,,,,,Energy,Oil & Gas Midstream,9/12/20,,,1.46,-31.42,-17.39,-1.68,,,,,,,,,
660,MMM,3M,64.0,,,,maybe,8/4/18,32765000000.0,0.035,5349000000.0,0.101,36500000000.0,1.20E+11,Industrials,Specialty Industrial Machinery,9/12/20,,96000.0,3.6,-4.42,6.32,9.4,,,,,,,,,
661,MMP,Magellan Midstream Partners,76.0,,,,,8/4/18,,,,,,,Energy,Oil & Gas Midstream,9/12/20,,1884.0,11.13,-11.1,-3.28,10.25,,,,,,,,,
662,MNDI.L,Mondi Plc,,,,,,,,,,,,,Basic Materials,Paper & Paper Products,9/12/20,,25700.0,4.6,,,,0.0,0.0,0.0,0.0,,0.0,0.0,0.0,
663,MNDO,MIND CTI Ltd (Israel) Ord,27.0,,,,,8/4/18,,,,,,,Technology,Software—Application,9/12/20,,214.0,10.29,8.07,7.01,10.29,,,,,,,,,
664,MNST,Monster Beverage,63.0,,,,yes,8/4/18,,,,,,,Consumer Defensive,Beverages—Non-Alcoholic,9/12/20,,1273.0,0.0,12.81,12.94,26.67,,,,,,,,,
665,MO,Altria Group,67.0,,,,,8/4/18,19627000000.0,0.007,6963000000.0,-0.319,55638000000.0,1.08E+11,Consumer Defensive,Tobacco,9/12/20,,7300.0,7.86,-5.42,1.63,10.8,,,,,,,,,
666,MOD,Modine Manufacturing,,,,,,,,,,,,,Consumer Cyclical,Auto Parts,9/12/20,,11300.0,0.0,-28.46,-6.02,-5.37,,,,,,,,,
667,MOH,Molina Healthcare,,,,,,,18890000000.0,-0.05,707000000.0,-,7154000000.0,8890900000,Healthcare,Healthcare Plans,9/12/20,,10000.0,0.0,36.85,15.9,25.15,,,,,,,,,
668,MOMO,Momo Inc,,,,,no,8/4/18,,,,,,,Communication Services,Internet Content & Information,9/12/20,,2350.0,0.0,-25.82,6.21,,,,,,,,,,
669,MOS,Mosaic,,,,,,,9587300000.0,0.294,470000000.0,-,20119200000.0,10527200000,Basic Materials,Agricultural Inputs,9/12/20,,12600.0,1.11,-2.13,-11.95,-8.49,,,,,,,,,
670,MOTHERSUMI.NS,Motherson Sumi Systems Limited,,,,,,,,,,,,,Consumer Cyclical,Auto Parts,9/12/20,,64357.0,2.69,,,,,,,,,,,,
671,MPC,Marathon Petroleum,72.0,,,,,8/4/18,97102000000.0,0.436,2780000000.0,-0.19,92940000000.0,40258200000,Energy,Oil & Gas Refining & Marketing,9/12/20,,60910.0,7.66,-11.43,-3.46,,,,,,,,,,
672,MRK,Merck,48.0,,,,,8/4/18,42294000000.0,0.054,6220000000.0,1.598,82637000000.0,2.15E+11,Healthcare,Drug Manufacturers—General,9/12/20,,71000.0,2.92,11.75,12.57,10.89,,,,,,,,,
673,MRNA,Moderna,,,,,,,,,,,,,Healthcare,Biotechnology,9/12/20,,975.0,0.0,,,,,,,,,,,,
674,MRO,Marathon Oil,48.0,,,,,8/4/18,6582000000.0,0.277,1096000000.0,-,21321000000.0,13677200000,Energy,Oil & Gas E&P,9/12/20,,2000.0,0.0,-24.37,-18.67,-1.08,,,,,,,,,
675,MS,Morgan Stanley,65.0,,,,,8/4/18,50193000000.0,0.15,8748000000.0,0.432,854000000000.0,72110800000,Financial Services,Capital Markets,9/12/20,,61596.0,2.78,6.17,10.32,7.67,,,,,,,,,
676,MSFT,Microsoft,75.0,,,,yes,8/4/18,110000000000.0,0.227,16571000000.0,-0.218,259000000000.0,9.05E+11,Technology,Software—Infrastructure,9/12/20,,163000.0,0.99,41.0,37.36,24.73,,,,,,,,,
677,MSI,Motorola Solutions,53.0,,,,,8/4/18,7343000000.0,0.151,966000000.0,-,9409000000.0,23089500000,Technology,Communication Equipment,9/12/20,,17000.0,1.7,22.67,19.53,13.26,,,,,,,,,
678,MTB,M&T Bank Corp.,,,,,,8/4/18,6454700000.0,0.072,1918100000.0,0.362,120000000000.0,21741200000,Financial Services,Banks—Regional,9/12/20,,17098.0,4.44,-8.2,-0.32,4.4,,,,,,,,,
679,MTCH,"Match Group, Inc.",,,,,,,,,,,,,Communication Services,Internet Content & Information,9/12/20,,8700.0,0.0,39.82,35.97,28.64,,,,,,,,,
680,MTD,Mettler-Toledo International,,,,,,8/4/18,,,,,,,Healthcare,Diagnostics & Research,9/12/20,,14850.0,0.0,16.0,26.57,23.52,0.0,0.0,0.0,0.0,,0.0,0.0,0.0,
681,MTN,Vail Resorts,,,,,,,,,,,,,Consumer Cyclical,Resorts & Casinos,9/12/20,,6600.0,0.0,-0.2,16.81,20.97,,,,,,,,,
682,MTZ,MasTec,,,,,,,6909400000.0,0.046,259700000.0,-0.252,4440000000.0,3656900000,Industrials,Engineering & Construction,9/12/20,,19000.0,0.0,1.63,19.86,16.07,,,,,,,,,
683,MU,Micron Technology,,,,,no,8/4/18,30391000000.0,0.495,14135000000.0,1.778,43376000000.0,45739400000,Technology,Semiconductors,9/12/20,,37000.0,0.0,11.29,22.37,21.62,,,,,,,,,
684,MUSA,Murphy USA,28.0,,,,,8/4/18,12524000000.0,0.154,213600000.0,-0.129,2360800000.0,2755600000,Consumer Cyclical,Specialty Retail,9/12/20,,4600.0,0.0,28.36,21.13,,,,,,,,,,
685,MXIM,Maxim Integrated Products,33.0,,,,maybe,8/4/18,,,,,,,Technology,Semiconductors,9/12/20,,7115.0,2.89,15.37,16.82,17.31,,,,,,,,,
686,MYL,Mylan N.V.,,,,,,8/4/18,,,,,,,Healthcare,Drug Manufacturers—Specialty & Generic,9/12/20,,35000.0,0.0,-22.58,-20.62,-1.54,,,,,,,,,
687,MYOK,MyoKardia,,,,,,,,,,,,,Healthcare,Biotechnology,9/12/20,,275.0,0.0,37.22,,,,,,,,,,,
688,NAPRF,Naspers Ltd,,,,,,,,,,,,,Communication Services,Internet Content & Information,9/12/20,,25527.0,0.2,-9.73,6.74,,,,,,,,,,
689,NAV,Navistar International,,,,,,,10250000000.0,0.196,340000000.0,10.333,7230000000.0,3199800000,Industrials,Farm & Heavy Construction Machinery,9/12/20,,12189.0,0.0,2.72,17.71,-0.26,,,,,,,,,
690,NAVI,Navient,,,,,,,5610000000.0,0.083,395000000.0,0.353,104000000000.0,2828900000,Financial Services,Credit Services,9/12/20,,6000.0,7.42,-9.91,-1.39,,,,,,,,,,
691,NCR,NCR,,,,,,,6405000000.0,-0.017,-88000000.0,-1.379,7761000000.0,3245900000,Technology,Information Technology Services,9/12/20,,36000.0,0.0,-17.38,-5.59,4.12,,,,,,,,,
692,NDA-FI.HE,Nordea Bank Abp,,,,,,,,,,,,,Financial Services,Banks—Regional,9/12/20,,27954.0,0.0,,,,,,,,,,,,
693,NDAQ,Nasdaq,66.0,,,,yes,8/4/18,,,,,,,Financial Services,Financial Data & Stock Exchanges,9/12/20,,4670.0,1.57,21.02,20.89,21.76,,,,,,,,,
694,NDRO,Enduro Royalty Trust,,,,,,8/4/18,,,,,,,,,9/12/20,,,,,,,,,,,,,,,
695,NEE,NextEra Energy,71.0,,,,,8/4/18,16727000000.0,-0.027,6638000000.0,0.234,104000000000.0,92439300000,Utilities,Utilities—Regulated Electric,9/12/20,,14800.0,2.02,24.59,25.63,18.95,,,,,,,,,
696,NEM,Newmont Goldcorp,,,,,,,7253000000.0,-0.013,341000000.0,-,20715000000.0,19053600000,Basic Materials,Gold,9/12/20,,16600.0,1.5,21.77,33.65,1.91,,,,,,,,,
697,NEWR,New Relic Inc,,,,,,,,,,,,,Technology,Software—Infrastructure,9/12/20,,2232.0,0.0,3.91,9.32,,,,,,,,,,
698,NFLX,Netflix,61.0,,,,yes,8/4/18,15794300000.0,0.351,1211200000.0,1.167,25974400000.0,1.56E+11,Communication Services,Entertainment,9/12/20,,8600.0,0.0,38.42,37.66,36.88,,,,,,,,,
699,NGL,NGL Energy Partners,18.0,,,,,8/4/18,17282700000.0,0.327,-70900000.0,-1.517,6151100000.0,1740200000,Energy,Oil & Gas Refining & Marketing,9/12/20,,1400.0,22.66,-4.22,-12.11,,,,,,,,,,
700,NHI,National Health Investors,,,,,,8/4/18,,,,,,,Real Estate,REIT—Healthcare Facilities,9/12/20,,17.0,6.8,-2.09,8.12,8.54,,,,,,,,,
701,NI,NiSource,,,,,,8/4/18,,,,,,,Utilities,Utilities—Regulated Gas,9/12/20,,8363.0,3.8,-3.56,9.16,13.22,,,,,,,,,
702,NILSY,Public Joint Stock Company Mining and Metallurgical Company Norilsk Nickel,,,,,,,,,,,,,Basic Materials,Other Industrial Metals & Mining,9/12/20,,,6.24,24.48,17.21,9.37,,,,,,,,,
703,NJDCY,Nidec Corp,,,,,,,,,,,,,Industrials,Specialty Industrial Machinery,9/12/20,,117206.0,0.64,15.92,20.33,15.5,,,,,,,,,
704,NKE,Nike,61.0,,,,yes,8/4/18,36397000000.0,0.06,1933000000.0,-0.544,22536000000.0,1.33E+11,Consumer Cyclical,Footwear & Accessories,9/12/20,,75400.0,0.85,31.53,16.89,21.01,,,,,,,,,
705,NLY,Annaly Capital,,,,,,8/4/18,,,,,,,Real Estate,REIT—Mortgage,9/12/20,,10.0,11.97,-4.7,5.44,2.38,,,,,,,,,
706,NNN,National Retail Properties,,,,,,8/4/18,,,,,,,Real Estate,REIT—Retail,9/12/20,,70.0,5.58,-0.02,6.03,8.32,,,,,,,,,
707,NOC,Northrop Grumman,68.0,,,,,8/4/18,30095000000.0,0.166,3229000000.0,0.602,37653000000.0,45821000000,Industrials,Aerospace & Defense,9/12/20,,90000.0,1.76,9.54,16.47,20.5,,,,,,,,,
708,NOV,National Oilwell Varco,,,,,,8/4/18,8453000000.0,0.157,-31000000.0,-,19796000000.0,10214700000,Energy,Oil & Gas Equipment & Services,9/12/20,,33810.0,0.0,-28.56,-19.66,-4.63,,,,,,,,,
709,NOVN.SW,Novartis AG,,,,,,,,,,,,,Healthcare,Drug Manufacturers—General,9/12/20,,110000.0,3.64,,,,,,,,,,,,
710,NOVO-B.CO,Novo Nordisk AS,,,,,,,,,,,,,Healthcare,Biotechnology,9/12/20,,43526.0,2.07,,,,,,,,,,,,
711,NRG,NRG Energy,28.0,3.4,,,,9/8/19,10797000000.0,-0.042,268000000.0,-,10628000000.0,11850900000,Utilities,Utilities—Independent Power Producers,9/12/20,,4577.0,3.82,11.14,12.5,4.79,,,,,,,,,
712,NRZ,New Residential Investment Corp,,,,,no,8/4/18,,,,,,,Real Estate,REIT—Mortgage,9/12/20,,4592.0,5.36,,,,,,,,,,,,
713,NSC,Norfolk Southern,42.0,2.8,,,yes,9/8/19,11458000000.0,0.086,2666000000.0,-0.507,36239000000.0,49860300000,Industrials,Railroads,9/12/20,,24587.0,1.76,21.66,24.03,15.21,,,,,,,,,
714,NSIT,Insight Enterprises,,,,,,,7080100000.0,0.056,163700000.0,0.805,2775900000.0,1954800000,Technology,Information Technology Services,9/12/20,,11261.0,0.0,12.21,17.78,14.43,,,,,,,,,
715,NSRGY,Netsle,59.0,3.9,,,yes,9/8/19,,,,,,,Consumer Defensive,Packaged Foods,9/12/20,,291000.0,2.31,14.56,12.39,10.57,,,,,,,,,
716,NTAP,NetApp,,,,,,8/4/18,5911000000.0,0.071,76000000.0,-0.851,9865000000.0,17125200000,Technology,Computer Hardware,9/12/20,,10800.0,4.33,7.26,9.71,1.09,,,,,,,,,
717,NTES,NetEase,,,,,yes,8/4/18,,,,,,,Communication Services,Internet Content & Information,9/12/20,,20797.0,1.29,20.16,32.41,28.8,,,,,,,,,
718,NTRS,Northern Trust,,,,,,8/4/18,6658900000.0,0.165,1556400000.0,0.298,132000000000.0,19754400000,Financial Services,Asset Management,9/12/20,,20200.0,3.56,-1.17,5.13,7.25,,,,,,,,,
719,NUE,Nucor,,,,,,,25067300000.0,0.238,2360800000.0,0.79,17920600000.0,17784000000,Basic Materials,Steel,9/12/20,,26800.0,3.55,-2.1,4.95,4.28,,,,,,,,,
720,NVAX,Novavax,,,,,,,,,,,,,Healthcare,Biotechnology,9/12/20,,359.0,0.0,60.7,-13.75,7.91,,,,,,,,,
721,NVDA,Nvidia,87.0,,,,yes,8/4/18,11716000000.0,0.206,4141000000.0,0.359,13292000000.0,1.09E+11,Technology,Semiconductors,9/12/20,,13775.0,0.13,42.45,84.9,47.49,,,,,,,,,
722,NVGS,Navigator Holdings,,,,,,,,,,,,,Energy,Oil & Gas Midstream,9/12/20,,83.0,0.0,-5.28,-9.44,4.58,,,,,,,,,
723,NVR,NVR,,,,,,,7189700000.0,0.137,797200000.0,0.483,3165900000.0,10036500000,Consumer Cyclical,Residential Construction,9/12/20,,5700.0,0.0,12.81,20.77,20.7,,,,,,,,,
724,NWL,Newell Brands Inc.,,,,,,,13033100000.0,-0.116,-6917900000.0,-3.517,17716400000.0,6490100000,Consumer Defensive,Household & Personal Products,9/12/20,,30000.0,5.35,-22.86,-12.51,3.79,,,,,,,,,
725,NWS,News Corp.,,,,,,,9024000000.0,0.109,-1514000000.0,-,16346000000.0,7286800000,Communication Services,Broadcasting,9/12/20,,23500.0,1.32,4.66,4.07,,,,,,,,,,
726,NWSA,News Corp. (Class A),51.0,,,,,8/4/18,,,,,,,Communication Services,Broadcasting,9/12/20,,23500.0,1.32,5.49,4.24,,,,,,,,,,
727,NXP,Nuveen Select Tax-Free Income Portfolio,-1.0,,,,,9/8/19,,,,,,,Financial Services,Asset Management,9/12/20,,,3.19,,,,,,,,,,,,
728,NXPI,NXP Semiconductors,57.0,,,,no,8/4/18,,,,,,,Technology,Semiconductors,9/12/20,,29400.0,1.21,4.18,7.56,26.65,,,,,,,,,
729,NXT.L,Next Plc,,,,,,,,,,,,,Consumer Cyclical,Apparel Retail,9/12/20,,28545.0,0.0,,,,,,,,,,,,
730,NYMT,New York Mortgage Trust Inc,,,,,,8/4/18,,,,,,,Real Estate,REIT—Mortgage,9/12/20,,55.0,7.87,-10.17,-0.4,6.09,,,,,,,,,
731,O,Realty Income Corporation,88.0,,,,,8/4/18,,,,,,,Real Estate,REIT—Retail,9/12/20,,201.0,4.39,6.2,11.03,10.03,,,,,,,,,
732,OA,Orbital ATK,66.0,,,,,8/4/18,,,,,,,,,9/12/20,,,,,,,,,,,,,,,
733,OC,Owens Corning,68.0,,,,,8/4/18,7057000000.0,0.105,545000000.0,0.886,9771000000.0,5163400000,Industrials,Building Products & Equipment,9/12/20,,19000.0,1.46,-3.22,8.61,10.49,,,,,,,,,
734,OC,Owens Corning,68.0,,,,,8/4/18,7057000000.0,0.105,545000000.0,0.886,9771000000.0,5163400000,Industrials,Building Products & Equipment,9/12/20,,19000.0,1.46,-3.22,8.61,10.49,,,,,,,,,
735,OC,Owens Corning,68.0,,,,,8/4/18,9838700000.0,0.056,-437000000.0,-7.003,3773800000.0,258400000,Industrials,Building Products & Equipment,9/12/20,,19000.0,1.46,-3.22,8.61,10.49,,,,,,,,,
736,OC,Owens Corning,68.0,,,,,8/4/18,9838700000.0,0.056,-437000000.0,-7.003,3773800000.0,258400000,Industrials,Building Products & Equipment,9/12/20,,19000.0,1.46,-3.22,8.61,10.49,,,,,,,,,
737,OCIP,OCI Partners LP,,,,,no,8/4/18,,,,,,,Basic Materials,Chemicals,9/12/20,,,,,,,,,,,,,,,
738,ODP,Office Depot,,,,,,8/4/18,11130000000.0,0.035,104000000.0,-0.425,6166000000.0,1971900000,Consumer Cyclical,Specialty Retail,9/12/20,,40000.0,0.0,-18.39,-19.62,-4.4,,,,,,,,,
739,OI,Owens-Illinois,,,,,,,6877000000.0,0.001,257000000.0,0.428,9699000000.0,2915800000,Consumer Cyclical,Packaging & Containers,9/12/20,,25500.0,2.81,-22.85,-10.69,-8.75,,,,,,,,,
740,OKE,Oneok,66.0,3.6,,,,9/8/19,12593200000.0,0.034,1151700000.0,1.97,18231700000.0,28746900000,Energy,Oil & Gas Midstream,9/12/20,,2882.0,14.37,-13.43,3.46,10.49,,,,,,,,,
741,OLCLY,Oriental Land,,,,,,,,,,,,,Consumer Cyclical,Leisure,9/12/20,,9017.0,0.29,23.15,21.65,,,,,,,,,,
742,OLED,Universal Display Corporation,,,,,,,,,,,,,Technology,Semiconductor Equipment & Materials,9/12/20,,309.0,0.36,7.9,34.52,23.03,,,,,,,,,
743,OLN,Olin Corporation,,,,,,,6946100000.0,0.108,327900000.0,-0.403,8997400000.0,3815500000,Basic Materials,Specialty Chemicals,9/12/20,,6500.0,7.09,-23.51,-4.26,0.04,,,,,,,,,
744,OMC,Omnicom Group,59.0,,,,,8/4/18,15290200000.0,0.001,1326400000.0,0.219,24617000000.0,16327200000,Communication Services,Advertising Agencies,9/12/20,,70000.0,5.02,-6.59,-1.1,6.59,,,,,,,,,
745,ON,ON Semiconductor Corporation,,,,,no,,5878300000.0,0.06,627400000.0,-0.226,7587600000.0,8474800000,Technology,Semiconductors,9/12/20,,34800.0,0.0,8.01,16.12,13.35,,,,,,,,,
746,ORC,Orchid Island Capital Inc,,,,,,8/4/18,,,,,,,Real Estate,REIT—Mortgage,9/12/20,,,15.42,-6.38,4.7,,,,,,,,,,
747,ORCL,Oracle,52.0,3.6,,,,8/4/18,39831000000.0,0.056,3825000000.0,-0.59,137000000000.0,1.84E+11,Technology,Software—Infrastructure,9/12/20,,135000.0,1.67,4.31,9.92,9.64,,,,,,,,,
748,ORI,Old Republic International,,,,,,,6021800000.0,-0.039,370500000.0,-0.339,19327100000.0,6334100000,Financial Services,Insurance—Diversified,9/12/20,,9000.0,5.45,1.06,6.34,6.72,,,,,,,,,
749,ORLY,OReilly Automotive,,,,,,8/4/18,9536400000.0,0.062,1324500000.0,0.168,7980800000.0,30438400000,Consumer Cyclical,Specialty Retail,9/12/20,,72877.0,0.0,34.2,14.06,25.21,,,,,,,,,
750,OSK,Oshkosh,,,,,,,7705500000.0,0.128,471900000.0,0.652,5294200000.0,5262600000,Industrials,Farm & Heavy Construction Machinery,9/12/20,,15000.0,1.59,2.09,15.82,12.1,,,,,,,,,
751,OSTK,Overstock.com,39.0,,,,,8/4/18,,,,,,,Consumer Cyclical,Internet Retail,9/12/20,,1613.0,0.0,38.83,27.07,15.96,,,,,,,,,
752,OTELLO.ST,Otello Corp,,,,,no,8/4/18,,,,,,,,,9/12/20,,,,,,,,,,,,,,,
753,OTTR,Otter Tail Corporation,,,,,,,,,,,,,Utilities,Utilities—Diversified,9/12/20,,2208.0,3.99,-1.78,11.24,9.81,,,,,,,,,
754,OXY,Occidental Petroleum Corporation,,,,,,,18934000000.0,0.426,4131000000.0,2.151,43854000000.0,49509500000,Energy,Oil & Gas E&P,9/12/20,,14400.0,0.36,-33.17,-18.6,-7.4,,,,,,,,,
755,P,Pandora,,,,,,8/4/18,,,,,,,,,9/12/20,,,,,,,,,,,,,,,
756,PAA,Plains All American Pipeline,,,,,,,,,,,,,Energy,Oil & Gas Midstream,9/12/20,,5000.0,10.42,-22.52,-14.02,-1.44,,,,,,,,,
757,PAG,Penske Automotive Group,,,,,,,22785100000.0,0.065,471000000.0,-0.232,10904500000.0,3756800000,Consumer Cyclical,Auto & Truck Dealerships,9/12/20,,27000.0,0.0,5.69,1.14,16.68,,,,,,,,,
758,PAGP,Plains GP Holdings,,,,,,,34055000000.0,0.299,334000000.0,-,26830000000.0,3974400000,Energy,Oil & Gas Midstream,9/12/20,,4900.0,10.43,-23.13,-20.89,,,,,,,,,,
759,PAGS,PagSeguro Digital Ltd,,,,,,,,,,,,,Technology,Software—Infrastructure,9/12/20,,,0.0,,,,,,,,,,,,
760,PANW,"Palo Alto Networks, Inc.",,,,,,,,,,,,,Technology,Software—Infrastructure,9/12/20,,8014.0,0.0,18.8,6.49,,,,,,,,,,
761,PAYC,Paycom Software,,,,,,,,,,,,,Technology,Software—Application,9/12/20,,3765.0,0.0,52.22,47.2,,,,,,,,,,
762,PAYX,Paychex,64.0,,,,,8/4/18,,,,,,,Industrials,Staffing & Employment Services,9/12/20,,15600.0,3.29,12.65,13.36,13.59,,,,,,,,,
763,PBF,PBF Energy,72.0,,,,no,8/4/18,27186100000.0,0.248,128300000.0,-0.691,8005400000.0,3732000000,Energy,Oil & Gas Refining & Marketing,9/12/20,,3442.0,0.0,-27.19,-16.82,,,,,,,,,,
764,PBYI,Puma Biotech,,,,,,,,,,,,,Healthcare,Biotechnology,9/12/20,,269.0,0.0,-55.19,-37.95,,,,,,,,,,
765,PCAR,Paccar,63.0,,,,,8/4/18,23495700000.0,0.208,2195100000.0,0.31,25482400000.0,23630400000,Industrials,Farm & Heavy Construction Machinery,9/12/20,,27000.0,1.55,11.15,11.02,8.8,,,,,,,,,
766,PCG,PG&E Corp.,37.0,,,,,8/4/18,16759000000.0,-0.022,-6851000000.0,-5.162,76995000000.0,9390600000,Utilities,Utilities—Regulated Electric,9/12/20,,23000.0,0.0,-48.83,-22.61,-6.51,,,,,,,,,
767,PCLN,Priceline Group,36.0,,,,,8/4/18,,,,,,,Consumer Discretionary,Internet & Direct Marketing Retail,9/12/20,,,,,,,,,,,,,,,
768,PD,Pagerduty,,,,,,,,,,,,,Technology,Software—Application,9/12/20,,669.0,0.0,,,,,,,,,,,,
769,PEG,Public Service Enterprise Group,61.0,,,,,8/4/18,9696000000.0,0.067,1438000000.0,-0.086,45326000000.0,30002000000,Utilities,Utilities—Diversified,9/12/20,,12992.0,3.75,7.44,9.28,7.94,,,,,,,,,
770,PEP,PepsiCo,53.0,,,,,8/4/18,64661000000.0,0.018,12515000000.0,1.577,77648000000.0,1.72E+11,Consumer Defensive,Beverages—Non-Alcoholic,9/12/20,,267000.0,3.04,8.31,10.8,9.49,,,,,,,,,
771,PER,Sandridge Permian Trust,,,,,,8/4/18,,,,,,,Energy,Oil & Gas E&P,9/12/20,,,0.0,-7.6,-17.58,,,,,,,,,,
772,PFE,Pfizer,62.0,,,,,8/4/18,53647000000.0,0.021,11153000000.0,-0.477,159000000000.0,2.36E+11,Healthcare,Drug Manufacturers—General,9/12/20,,88300.0,4.26,5.53,5.34,10.82,,,,,,,,,
773,PFG,Principal Financial,,,,,,8/4/18,14237200000.0,0.01,1546500000.0,-0.331,243000000000.0,13968600000,Financial Services,Insurance—Diversified,9/12/20,,17601.0,5.49,-8.43,1.1,8.26,,,,,,,,,
774,PFGC,Performance Food Group,41.0,,,,,8/4/18,17619900000.0,0.051,198700000.0,1.063,4000900000.0,4170200000,Consumer Defensive,Food Distribution,9/12/20,,20000.0,0.0,9.64,,,,,,,,,,,
775,PG,Procter & Gamble,52.0,,,,yes,8/4/18,66832000000.0,0.009,9750000000.0,-0.364,118000000000.0,2.60E+11,Consumer Defensive,Household & Personal Products,9/12/20,,99000.0,2.31,16.06,17.36,10.5,,,,,,,,,
776,PGNX,"Progenics Pharmaceuticals, Inc.",,,,,,,,,,,,,Healthcare,Biotechnology,9/12/20,,,0.0,,,,,,,,,,,,
777,PGR,Progressive,69.0,,,,,8/4/18,31979000000.0,0.192,2615300000.0,0.643,46575000000.0,42099500000,Financial Services,Insurance—Property & Casualty,9/12/20,,41571.0,0.42,28.81,27.23,17.95,,,,,,,,,
778,PH,Parker-Hannifin,,,,,,8/4/18,14302400000.0,0.189,1060800000.0,0.079,15320100000.0,22201700000,Industrials,Specialty Industrial Machinery,9/12/20,,50520.0,1.72,9.84,16.08,13.61,,,,,,,,,
779,PHM,PulteGroup,,,,,,,10188300000.0,0.188,1022000000.0,1.285,10173000000.0,7758400000,Consumer Cyclical,Residential Construction,9/12/20,,5245.0,1.08,21.16,17.67,18.51,,,,,,,,,
780,PII,Polaris Industries,40.0,,,,,8/4/18,6166000000.0,0.12,335300000.0,0.944,4124900000.0,5152900000,Consumer Cyclical,Recreational Vehicles,9/12/20,,14000.0,2.67,0.32,-3.97,14.28,,,,,,,,,
781,PINS,Pinterest,,,,,,,,,,,,,Communication Services,Internet Content & Information,9/12/20,,2432.0,0.0,,,,,,,,,,,,
782,PIR,Pier 1 Imports,40.0,,,,,8/4/18,,,,,,,Consumer Cyclical,Specialty Retail,9/12/20,,,0.0,-9.36,-7.15,,,,,,,,,,
783,PKG,Packaging Corp. of America,,,,,,,7014600000.0,0.088,738000000.0,0.104,6569700000.0,9391000000,Consumer Cyclical,Packaging & Containers,9/12/20,,15500.0,3.05,-0.92,12.44,18.07,,,,,,,,,
784,PKI,PerkinElmer,,,,,,8/4/18,,,,,,,Healthcare,Diagnostics & Research,9/12/20,,13000.0,0.25,20.17,19.96,18.54,,,,,,,,,
785,PKX,Posco,,,,,,,,,,,,,Basic Materials,Steel,9/12/20,,,1.09,-15.79,3.72,-5.94,,,,,,,,,
786,PLD,Prologis,,,,,,8/4/18,,,,,,,Real Estate,REIT—Industrial,9/12/20,,1712.0,2.32,17.73,24.11,16.36,,,,,,,,,
787,PLNT,Planet Fitness,,,,,,,,,,,,,Consumer Cyclical,Leisure,9/12/20,,1735.0,0.0,30.76,27.26,,,,,,,,,,
788,PLT,Plantronics,,,,,,,,,,,,,Technology,Communication Equipment,9/12/20,,6584.0,0.0,-31.71,-22.41,-5.36,,,,,,,,,
789,PLUG,Plug Power,,,,,,,,,,,,,Industrials,Electrical Equipment & Parts,9/12/20,,629.0,0.0,75.4,47.1,11.62,,,,,,,,,
790,PM,Philip Morris International,61.0,,,,,8/4/18,29625000000.0,0.031,7911000000.0,0.311,39801000000.0,1.38E+11,Consumer Defensive,Tobacco,9/12/20,,73500.0,5.97,-7.01,5.34,8.18,,,,,,,,,
791,PNC,PNC Financial Services Group,54.0,,,,maybe,8/4/18,19993000000.0,0.109,5301000000.0,-0.007,382000000000.0,55640100000,Financial Services,Banks—Regional,9/12/20,,50803.0,4.25,-0.33,7.05,9.44,,,,,,,,,
792,PNW,Pinnacle West Capital,,,,,,8/4/18,,,,,,,Utilities,Utilities—Regulated Electric,9/12/20,,6210.0,4.38,-4.21,7.26,8.99,,,,,,,,,
793,POLY.L,Polymetal International,,,,,,,,,,,,,Basic Materials,Other Precious Metals & Mining,9/12/20,,12083.0,3.11,,,,,,,,,,,,
794,POST,Post Holdings,39.0,2.7,,,,9/8/19,6257200000.0,0.197,467300000.0,8.675,13057500000.0,7274600000,Consumer Defensive,Packaged Foods,9/12/20,,10100.0,0.0,-0.73,4.7,,,,,,,,,,
795,POWERGRID.NS,Power Grid Corporation of India Limited,,,,,,,,,,,,,Utilities,Utilities—Regulated Electric,9/12/20,,8990.0,5.63,,,,,,,,,,,,
796,PPG,PPG Industries,50.0,,,,,8/4/18,15374000000.0,0.027,1341000000.0,-0.157,16015000000.0,26648800000,Basic Materials,Specialty Chemicals,9/12/20,,47600.0,1.72,7.88,7.07,14.93,,,,,,,,,
797,PPL,PPL,,,,,,,7785000000.0,0.045,1827000000.0,0.62,43396000000.0,22882500000,Utilities,Utilities—Regulated Electric,9/12/20,,12000.0,6.09,-6.59,3.68,5.33,,,,,,,,,
798,PRU,"Prudential Financial, Inc.",,,,,no,,62992000000.0,0.055,4074000000.0,-0.482,815000000000.0,37517700000,Financial Services,Insurance—Life,9/12/20,,51511.0,6.54,-7.54,1.6,5.88,,,,,,,,,
799,PSO,Pearson,25.0,,,,,8/4/18,,,,,,,Communication Services,Publishing,9/12/20,,22500.0,3.51,-1.46,-13.38,-2.21,,,,,,,,,
800,PSX,Phillips 66,72.0,,,,,8/4/18,114000000000.0,0.247,5595000000.0,0.096,54302000000.0,43240700000,Energy,Oil & Gas Refining & Marketing,9/12/20,,14500.0,6.22,-7.66,-2.2,,,,,,,,,,
801,PTON,Peloton Interactive,,,,,,,,,,,,,Consumer Cyclical,Leisure,9/12/20,,3249.0,0.0,,,,,,,,,,,,
802,PUSH,Publix Super Markets,,,,,,,36395700000.0,0.045,2381200000.0,0.039,18982500000.0,#VALUE!,,,9/12/20,,202000.0,,,,,,,,,,,,,
803,PVH,PVH,,,,,,,9656800000.0,0.083,746400000.0,0.388,11863700000.0,9164100000,Consumer Cyclical,Apparel Manufacturing,9/12/20,,21500.0,0.0,-19.62,-9.93,2.4,,,,,,,,,
804,PWR,Quanta Services,,,,,,,11171400000.0,0.18,293300000.0,-0.069,7075800000.0,5336200000,Industrials,Engineering & Construction,9/12/20,,40300.0,0.38,12.78,16.28,11.03,,,,,,,,,
805,PXD,Pioneer Natural Resources,,,,,,8/4/18,9415000000.0,0.726,978000000.0,0.174,17903000000.0,25639300000,Energy,Oil & Gas E&P,9/12/20,,2323.0,2.41,-9.94,-4.32,3.94,,,,,,,,,
806,PYPL,PayPal Holdings,63.0,,,,yes,8/4/18,15451000000.0,0.18,2057000000.0,0.146,43332000000.0,1.22E+11,Financial Services,Credit Services,9/12/20,,23200.0,0.0,43.22,40.55,,,,,,,,,,
807,PZN,Pzena Investment Management,,,,,,,,,,,,,Financial Services,Asset Management,9/12/20,,120.0,2.33,-10.62,-3.3,3.57,,,,,,,,,
808,PZZA,Papa Johns,43.0,,,,,8/4/18,,,,,,,Consumer Cyclical,Restaurants,9/12/20,,16500.0,1.0,8.2,6.52,22.52,,,,,,,,,
809,QCOM,Qualcomm,45.0,,,,maybe,8/4/18,22732000000.0,0.02,-4864000000.0,-2.972,32686000000.0,69023700000,Technology,Semiconductors,9/12/20,,37000.0,2.31,33.68,18.0,12.51,,,,,,,,,
810,QQQ,Invesco QQQ Trust Series 1 NASDAQ ETF,,,,,yes,,,,,,,,,,9/12/20,,,,,,,,,,,,,,,
811,QRTEA,Qurate Retail,,,,,,,14070000000.0,0.352,916000000.0,-0.625,17841000000.0,6961700000,Consumer Cyclical,Internet Retail,9/12/20,,25314.0,0.0,-22.35,-17.43,2.14,,,,,,,,,
812,QRVO,Qorvo,,,,,no,8/4/18,,,,,,,Technology,Semiconductors,9/12/20,,7900.0,0.0,19.18,18.1,,,,,,,,,,
813,QSR,Restaurant Brands International,,,,,no,8/4/18,,,,,,,Consumer Cyclical,Restaurants,9/12/20,,6300.0,3.78,-2.69,10.25,,,,,,,,,,
814,QTRH,Quarterhill Inc,,,,,,,,,,,,,,,9/12/20,,,0.0,6.74,-4.46,-1.68,,,,,,,,,
815,QTT,Qutoutiao,,,,,,,,,,,,,Communication Services,Internet Content & Information,9/12/20,,2932.0,0.0,,,,,,,,,,,,
816,QTWO,Q2 Holdings,,,,,,,,,,,,,Technology,Software—Application,9/12/20,,1574.0,0.0,28.0,24.36,,,,,,,,,,
817,R,Ryder System,,,,,,,8409200000.0,0.147,273300000.0,-0.654,13051100000.0,3302500000,Industrials,Rental & Leasing Services,9/12/20,,39900.0,5.43,-15.47,-8.96,3.33,,,,,,,,,
818,RAD,Rite Aid,,,,,,,30215400000.0,-0.08,943500000.0,231.783,8989300000.0,685700000,Healthcare,Pharmaceutical Retailers,9/12/20,,29840.0,0.0,-38.14,-41.51,-5.12,,,,,,,,,
819,RAMP,LiveRamp Holdings,,,,,,,,,,,,,Technology,Information Technology Services,9/12/20,,1150.0,0.0,28.86,20.09,12.81,,,,,,,,,
820,RCL,Royal Caribbean Cruises Ltd,72.0,3.8,,,maybe,9/8/19,,,,,,,Consumer Cyclical,Travel Services,9/12/20,,85300.0,4.45,-14.19,-2.86,11.02,,,,,,,,,
821,REGN,Regeneron Pharmaceuticals,70.0,,,,no,8/4/18,6710800000.0,0.143,2444400000.0,1.04,11734500000.0,44871400000,Healthcare,Biotechnology,9/12/20,,8142.0,0.0,6.97,0.43,36.01,,,,,,,,,
822,RELIANCE.NS,Reliance Industries Limited,,,,,,,,,,,,,Energy,Oil & Gas Refining & Marketing,9/12/20,,195618.0,0.28,,,,,,,,,,,,
823,RF,Regions Financial,45.0,3.2,,,,9/8/19,6762000000.0,0.11,1759000000.0,0.393,126000000000.0,14401000000,Financial Services,Banks—Regional,9/12/20,,20073.0,5.52,-0.98,7.52,7.51,,,,,,,,,
824,RGA,Reinsurance Group of America,,,,,,,12875700000.0,0.029,715800000.0,-0.607,64535200000.0,8922000000,Financial Services,Insurance—Reinsurance,9/12/20,,3188.0,2.72,-6.5,4.16,9.69,,,,,,,,,
825,RHI,Robert Half International,,,,,,8/4/18,5800300000.0,0.101,434300000.0,0.495,1903100000.0,7759200000,Industrials,Staffing & Employment Services,9/12/20,,16000.0,2.67,6.48,2.1,9.82,,,,,,,,,
826,RIO,Rio Tinto,53.0,3.6,,,no,9/8/19,,,,,,,Basic Materials,Other Industrial Metals & Mining,9/12/20,,46000.0,6.27,15.41,16.58,5.67,,,,,,,,,
827,RJF,Raymond James Financial,,,,,,,7475800000.0,0.146,856700000.0,0.347,37412900000.0,11340900000,Financial Services,Capital Markets,9/12/20,,14200.0,2.03,0.13,8.8,12.86,,,,,,,,,
828,RL,Ralph Lauren,41.0,,,,,8/4/18,6182300000.0,-0.071,162800000.0,-,6143300000.0,10195700000,Consumer Cyclical,Apparel Manufacturing,9/12/20,,13700.0,0.0,-3.46,-4.55,1.41,,,,,,,,,
829,RLGY,Realogy Holdings,,,,,,,6079000000.0,-0.006,137000000.0,-0.682,7290000000.0,1301900000,Real Estate,Real Estate Services,9/12/20,,10150.0,3.75,-29.54,-21.01,,,,,,,,,,
830,RNG,RingCentral Inc,,,,,,,,,,,,,Technology,Software—Application,9/12/20,,2363.0,0.0,81.58,69.05,,,,,,,,,,
831,RNWK,RealNetworks,,,,,,,,,,,,,Communication Services,Electronic Gaming & Multimedia,9/12/20,,453.0,0.0,-33.35,-22.6,-7.72,,,,,,,,,
832,ROG.SW,Roche Holding AG,,,,,,,,,,,,,Healthcare,Drug Manufacturers—General,9/12/20,,97735.0,2.75,,,,,,,,,,,,
833,ROK,Rockwell Automation,,,,,,8/4/18,6666000000.0,0.056,535500000.0,-0.351,6262000000.0,20975200000,Industrials,Specialty Industrial Machinery,9/12/20,,23000.0,1.86,11.45,17.74,15.81,,,,,,,,,
834,ROKU,"Roku, Inc.",,,,,,,,,,,,,Communication Services,Entertainment,9/12/20,,1650.0,0.0,,,,,,,,,,,,
835,ROP,Roper Industries,,,,,yes,8/4/18,,,,,,,Industrials,Specialty Industrial Machinery,9/12/20,,16460.0,0.52,19.58,20.81,20.76,,,,,,,,,
836,ROST,Ross Stores,45.0,,,,,8/4/18,14983500000.0,0.06,1587500000.0,0.165,6073700000.0,34501800000,Consumer Cyclical,Apparel Retail,9/12/20,,92500.0,0.0,16.03,13.36,22.02,,,,,,,,,
837,ROX,Castle Brands,,,,,,,,,,,,,,,9/12/20,,,,,,,,,,,,,,,
838,ROYT,Pacific Coast Oil Trust,,,,,,8/4/18,,,,,,,Energy,Oil & Gas E&P,9/12/20,,,0.0,,,,,,,,,,,,
839,RP,Realpage,,,,,,,,,,,,,Technology,Software—Application,9/12/20,,7400.0,0.0,9.51,25.34,12.97,,,,,,,,,
840,RRC,Range Resources Corp.,37.0,,,,,8/4/18,,,,,,,Energy,Oil & Gas E&P,9/12/20,,655.0,0.0,-25.28,-27.63,-14.12,,,,,,,,,
841,RRD,R.R. Donnelley & Sons Company,,,,,,,6800200000.0,-0.02,-11000000.0,-,3640800000.0,332500000,Industrials,Specialty Business Services,9/12/20,,36400.0,0.0,-42.6,-9.78,-1.41,,,,,,,,,
842,RS,Reliance Steel & Aluminum,,,,,,,11534500000.0,0.187,633700000.0,0.033,8044900000.0,6054500000,Basic Materials,Steel,9/12/20,,15300.0,2.4,14.88,14.62,11.48,,,,,,,,,
843,RSG,Republic Services,,,,,,8/4/18,10040900000.0,0,1036900000.0,-0.189,21617000000.0,25851500000,Industrials,Waste Management,9/12/20,,36000.0,1.79,14.79,20.48,13.39,,,,,,,,,
844,RTN,Raytheon,71.0,,,,,8/4/18,27058000000.0,0.067,2909000000.0,0.437,31864000000.0,51390100000,Industrials,Aerospace & Defense,9/12/20,,67000.0,0.0,,,,,,,,,,,,
845,RUN,Sunrun,,,,,,,,,,,,,Technology,Solar,9/12/20,,4800.0,0.0,100.62,37.19,,,,,,,,,,
846,S32.L,South32 Limited,,,,,,,,,,,,,Basic Materials,Other Industrial Metals & Mining,9/12/20,,,1.33,,,,,,,,,,,,
847,SABR,Sabre Corporation,,,,,,,,,,,,,Technology,Information Technology Services,9/12/20,,9250.0,0.0,-22.37,-19.87,,,,,,,,,,
848,SAFT,Safety Insurance Group,41.0,3.5,,,yes,9/8/19,,,,,,,Financial Services,Insurance—Property & Casualty,9/12/20,,609.0,5.18,3.24,9.67,8.81,,,,,,,,,
849,SAH,Sonic Automotive,,,,,,,9951600000.0,0.009,51700000.0,-0.445,3796800000.0,636700000,Consumer Cyclical,Auto & Truck Dealerships,9/12/20,,9300.0,0.9,31.78,14.48,16.94,,,,,,,,,
850,SAM,"The Boston Beer Company, Inc.",,,,,,,,,,,,,Consumer Defensive,Beverages—Brewers,9/12/20,,2128.0,0.0,77.47,31.6,28.89,,,,,,,,,
851,SAN,Santander,,,,,,,,,,,,,Financial Services,Banks—Diversified,9/12/20,,194284.0,0.0,-25.96,-11.27,-5.85,,,,,,,,,
852,SANM,Sanmina,,,,,,,7110100000.0,0.035,-95500000.0,-1.688,4085100000.0,1974200000,Technology,Electronic Components,9/12/20,,34000.0,0.0,-10.21,5.9,10.03,,,,,,,,,
853,SAVE,Spirit Airlines,55.0,,,,,8/4/18,,,,,,,Industrials,Airlines,9/12/20,,8938.0,0.0,-20.68,-18.75,,,,,,,,,,
854,SBGI,Sinclair Broadcast Group,46.0,,,,,8/4/18,,,,,,,Communication Services,Broadcasting,9/12/20,,11800.0,3.98,-7.74,-2.4,15.43,,,,,,,,,
855,SBNY,Signature Bank,69.0,3.1,,,no,9/8/19,,,,,,,Financial Services,Banks—Regional,9/12/20,,1472.0,2.43,-7.93,-6.45,10.12,,,,,,,,,
856,SBUX,Starbucks,59.0,,,,,8/4/18,24719500000.0,0.104,4518300000.0,0.566,24156400000.0,92449200000,Consumer Cyclical,Restaurants,9/12/20,,346000.0,1.93,18.38,10.09,22.11,,,,,,,,,
857,SCC.BK,Siam Cement Public Company Limited,,,,,,,,,,,,,Basic Materials,Specialty Chemicals,9/12/20,,,3.6,,,,,,,,,,,,
858,SCHW,Charles Schwab,64.0,,,,,8/4/18,10989000000.0,0.226,3507000000.0,0.49,296000000000.0,57051300000,Financial Services,Capital Markets,9/12/20,,21800.0,2.08,-2.0,4.26,10.99,,,,,,,,,
859,SCI,Service Corporation International,,,,,,,,,,,,,Consumer Cyclical,Personal Services,9/12/20,,25000.0,1.75,8.79,9.19,18.94,,,,,,,,,
860,SE,Sea Limited,,,,,,,,,,,,,Communication Services,Electronic Gaming & Multimedia,9/12/20,,29800.0,0.0,,,,,,,,,,,,
861,SEB,Seaboard,,,,,,,6583000000.0,0.133,-17000000.0,-1.069,5307000000.0,5001500000,Industrials,Conglomerates,9/12/20,,13100.0,0.31,-13.12,-2.5,5.82,,,,,,,,,
862,SEDG,SolarEdge,,,,,,,,,,,,,Technology,Solar,9/12/20,,2431.0,0.0,94.89,44.91,,,,,,,,,,
863,SEE,Sealed Air,,,,,,8/4/18,,,,,,,Consumer Cyclical,Packaging & Containers,9/12/20,,16500.0,1.65,-1.92,-3.69,7.56,,,,,,,,,
864,SFM,Sprouts Farmers Market,,,,,,8/4/18,,,,,,,Consumer Defensive,Grocery Stores,9/12/20,,30000.0,0.0,3.64,-0.55,,,,,,,,,,
865,SFUN,Fang Holdings Limited,,,,,,,,,,,,,Communication Services,Internet Content & Information,9/12/20,,3359.0,0.0,-58.76,-44.86,,,,,,,,,,
866,SGEN,"Seattle Genetics, Inc.",,,,,,,,,,,,,Healthcare,Biotechnology,9/12/20,,1605.0,0.0,40.88,27.22,27.98,,,,,,,,,
867,SHAK,Shake Shack,,,,,,,,,,,,,Consumer Cyclical,Restaurants,9/12/20,,7603.0,0.0,28.53,3.46,,,,,,,,,,
868,SHI,Sinopec,,,,,,,,,,,,,Energy,Oil & Gas Refining & Marketing,9/12/20,,8516.0,8.4,-21.67,-2.84,2.15,,,,,,,,,
869,SHLD,Sears Holdings,13.0,,,,,8/4/18,,,,,,,Consumer Cyclical,Department Stores,9/12/20,,,0.0,,,,,,,,,,,,
870,SHOP,Shopify,,,,,,,,,,,,,Technology,Software—Application,9/12/20,,5000.0,0.0,97.9,103.26,,,,,,,,,,
871,SHOS,Sears Hometown & Outlet Stores,27.0,,,,,8/4/18,,,,,,,Consumer Cyclical,Department Stores,9/12/20,,,,,,,,,,,,,,,
872,SHW,Sherwin-Williams,67.0,,,,,8/4/18,,,,,,,Basic Materials,Specialty Chemicals,9/12/20,,61111.0,0.76,27.58,23.29,26.15,,,,,,,,,
873,SINA,SINA Corporation,,,,,,,,,,,,,Communication Services,Internet Content & Information,9/12/20,,8300.0,0.0,-29.53,5.41,1.31,,,,,,,,,
874,SIRI,Sirius XM Holdins Inc,,,,,,8/4/18,,,,,,,Communication Services,Broadcasting,9/12/20,,4534.0,0.95,0.57,8.26,18.52,,,,,,,,,
875,SIX,Six Flags Entertainment Group,,,,,yes,8/4/18,,,,,,,Consumer Cyclical,Leisure,9/12/20,,2450.0,0.0,-18.92,-5.37,15.0,,,,,,,,,
876,SJI,"South Jersey Industries, Inc.",,,,,,,,,,,,,Utilities,Utilities—Diversified,9/12/20,,1100.0,5.79,-13.11,2.18,2.44,,,,,,,,,
877,SJM,JM Smucker,,,,,,8/4/18,7357100000.0,-0.005,1338600000.0,1.26,15301200000.0,13251500000,Consumer Defensive,Packaged Foods,9/12/20,,7000.0,3.18,4.86,2.17,8.62,,,,,,,,,
878,SJR,Shaw Communications,,,,,,,,,,,,,Communication Services,Telecom Services,9/12/20,,,4.74,-2.27,3.25,2.43,,,,,,,,,
879,SKT,Tanger Factory Outleet Centers,,,,,,8/4/18,,,,,,,Real Estate,REIT—Retail,9/12/20,,285.0,0.0,-27.22,-17.83,-3.26,,,,,,,,,
880,SKX,Sketchers,,,,,,,,,,,,,Consumer Cyclical,Footwear & Accessories,9/12/20,,4000.0,0.0,5.92,-7.24,15.07,,,,,,,,,
881,SLM,SLM Corp,,,,,,8/4/18,,,,,,,Financial Services,Credit Services,9/12/20,,1900.0,1.59,-9.75,-0.96,8.15,,,,,,,,,
882,SMDS.L,DS Smith Plc,,,,,,,,,,,,,Consumer Cyclical,Packaging & Containers,9/12/20,,30000.0,0.0,,,,,,,,,,,,
883,SMLP,Summit Midstream Partners LP,,,,,,8/4/18,,,,,,,Energy,Oil & Gas Midstream,9/12/20,,,0.0,-37.39,-15.25,,,,,,,,,,
884,SNA,Snap-on,48.0,3.3,,,,9/8/19,,,,,,,Industrials,Tools & Accessories,9/12/20,,12800.0,2.92,2.65,0.83,14.51,,,,,,,,,
885,SNAP,Snap,86.0,,,,no,8/4/18,,,,,,,Communication Services,Internet Content & Information,9/12/20,,3195.0,0.0,16.57,,,,,,,,,,,
886,SNE,Sony,,,,,,,,,,,,,Technology,Consumer Electronics,9/12/20,,111700.0,0.6,24.57,24.53,10.27,,,,,,,,,
887,SNPS,Synopsys,,,,,,,,,,,,,Technology,Software—Infrastructure,9/12/20,,13896.0,0.0,36.0,33.13,23.85,,,,,,,,,
888,SNR,New Senior Investment Group Inc,,,,,no,8/4/18,,,,,,,Real Estate,REIT—Residential,9/12/20,,19.0,6.27,-14.05,-7.24,,,,,,,,,,
889,SNX,Synnex,,,,,,,20053800000.0,0.176,300600000.0,-0.002,11480400000.0,4885100000,Technology,Information Technology Services,9/12/20,,235000.0,0.0,3.88,8.75,18.33,,,,,,,,,
890,SNY,Sanofi,,,,,,8/4/18,,,,,,,Healthcare,Drug Manufacturers—General,9/12/20,,100409.0,3.35,5.47,3.79,8.39,,,,,,,,,
891,SO,Southern,,,,,,,23495000000.0,0.02,2226000000.0,1.644,117000000000.0,53466300000,Utilities,Utilities—Regulated Electric,9/12/20,,27943.0,4.97,5.29,8.28,7.08,,,,,,,,,
892,SOHU,Sohu.com Limited,,,,,,8/4/18,,,,,,,Communication Services,Internet Content & Information,9/12/20,,7800.0,0.0,-30.77,-16.11,-10.08,,,,,,,,,
893,SPCE,Virgin Galactic,,,,,,,,,,,,,Industrials,Aerospace & Defense,9/12/20,,721.0,0.0,,,,,,,,,,,,
894,SPG,Simon Property Group,49.0,,,,,8/4/18,5657900000.0,0.022,2440100000.0,0.253,30686200000.0,56301700000,Real Estate,REIT - Retail,9/12/20,,4150.0,,-18.87,-11.18,3.38,,,,,,,,,
895,SPGI,S&P Global,,,,,,8/4/18,6258000000.0,0.032,1958000000.0,0.309,9458000000.0,51812400000,Financial Services,Financial Data & Stock Exchanges,9/12/20,,22500.0,0.78,32.51,30.54,28.34,,,,,,,,,
896,SPLK,Splunk,,,,,,,,,,,,,Technology,Software—Infrastructure,9/12/20,,5800.0,0.0,39.94,25.66,,,,,,,,,,
897,SPOT,Spotify,,,,,,,,,,,,,Communication Services,Internet Content & Information,9/12/20,,6049.0,0.0,,,,,,,,,,,,
898,SPPI,"Spectrum Pharmaceuticals, Inc.",,,,,,,,,,,,,Healthcare,Biotechnology,9/12/20,,146.0,0.0,-27.4,-10.15,0.4,,,,,,,,,
899,SPR,Axel Springer SE,,,,,,,7222000000.0,0.034,617000000.0,0.739,5685900000.0,9672100000,Industrials,Aerospace & Defense,9/12/20,,18200.0,0.21,-34.89,-16.19,0.68,,,,,,,,,
900,SPTN,SpartanNash,,,,,,,8064600000.0,-0.008,33600000.0,-,1971900000.0,570600000,Consumer Defensive,Food Distribution,9/12/20,,10400.0,4.51,-5.9,-5.39,5.42,,,,,,,,,
901,SPWH,Sportsman Warehouse,,,,,,,,,,,,,Consumer Cyclical,Leisure,9/12/20,,2350.0,0.0,45.03,-0.82,,,,,,,,,,
902,SQ,Square,,,,,,,,,,,,,Technology,Software—Infrastructure,9/12/20,,3835.0,0.0,70.83,,,,,,,,,,,
903,SR,Spire Inc.,,,,,,,,,,,,,Utilities,Utilities—Regulated Gas,9/12/20,,3536.0,4.6,-7.69,5.1,7.98,,,,,,,,,
904,SRE,Sempra Energy,,,,,,,11687000000.0,0.043,1049000000.0,3.098,60638000000.0,34508600000,Utilities,Utilities—Diversified,9/12/20,,18000.0,3.54,2.42,8.38,10.66,,,,,,,,,
905,SRI,"Stoneridge, Inc.",,,,,,,,,,,,,Consumer Cyclical,Auto Parts,9/12/20,,4700.0,0.0,5.06,10.32,7.78,,,,,,,,,
906,SRLP,Sprague Resources LP,,,,,,8/4/18,,,,,,,Energy,Oil & Gas Refining & Marketing,9/12/20,,,17.71,-4.16,5.42,,,,,,,,,,
907,SSNLF,Samsung Electron,,,,,,,,,,,,,,,9/12/20,,,,4.41,21.25,13.79,,,,,,,,,
908,SSY,Sysco,,,,,,,58727300000.0,0.061,1430800000.0,0.252,18070400000.0,34278800000,Healthcare,Medical Care Facilities,9/12/20,,67000.0,0.0,-11.98,-10.12,-5.25,,,,,,,,,
909,SSYS,Stratasys Ltd,,,,,,,,,,,,,Technology,Computer Hardware,9/12/20,,2100.0,0.0,-15.02,-13.14,-4.3,,,,,,,,,
910,ST,Sensata Technologies Holding plc,31.0,3.2,,,,9/8/19,,,,,,,Technology,Scientific & Technical Instruments,9/12/20,,21000.0,0.0,-2.25,-1.21,8.72,,,,,,,,,
911,STFGX,State Farm Insurance,,,,,yes,,81732200000.0,0.043,8788400000.0,2.983,273000000000.0,#VALUE!,,,9/12/20,,56788.0,,,,,,,,,,,,,
912,STI,SunTrust Banks,,,,,,8/4/18,10431000000.0,0.071,2775000000.0,0.221,216000000000.0,26262900000,Financial Services,Banks - Regional - US,9/12/20,,22899.0,0.0,,,,,,,,,,,,
913,STL,Sterling Bancorp,,,,,,,,,,,,,Financial Services,Banks—Regional,9/12/20,,1617.0,2.59,-18.64,-3.0,5.16,,,,,,,,,
914,STLD,Steel Dynamics,,,,,,,11821800000.0,0.239,1258400000.0,0.548,7703600000.0,7862800000,Basic Materials,Steel,9/12/20,,8200.0,,-1.57,11.91,9.42,,,,,,,,,
915,STNE,StoneCo,,,,,,,,,,,,,Technology,Software—Application,9/12/20,,,0.0,,,,,,,,,,,,
916,STT,State Street Corp.,,,,,,8/4/18,12973000000.0,0.102,2599000000.0,0.194,245000000000.0,24919600000,Financial Services,Asset Management,9/12/20,,39068.0,3.24,-9.23,0.53,7.47,,,,,,,,,
917,STX,Seagate Technology,20.0,,,,,8/4/18,,,,,,,Technology,Computer Hardware,9/12/20,,42000.0,5.66,20.51,3.66,19.77,,,,,,,,,
918,STZ,"Constellation Brands (Corona, Svedka,...)",68.0,,,,yes,8/4/18,7585000000.0,0.035,2318900000.0,0.511,20538700000.0,33209600000,Consumer Defensive,Beverages—Wineries & Distilleries,9/12/20,,9000.0,1.59,-1.06,9.5,27.97,,,,,,,,,
919,SU,Suncor Energy,,,,,,,,,,,,,Energy,Oil & Gas Integrated,9/12/20,,12889.0,4.57,-19.81,-6.02,-3.86,,,,,,,,,
920,SUN,Sunoco LP,,,,,,8/4/18,,,,,,,Energy,Oil & Gas Refining & Marketing,9/12/20,,,13.33,3.55,3.26,,,,,,,,,,
921,SVU,Supervalu,,,,,,8/4/18,,,,,,,Consumer Defensive,Grocery Stores,9/12/20,,,,,,,,,,,,,,,
922,SWI,Solarwinds,,,,,,,,,,,,,Technology,Software—Infrastructure,9/12/20,,3274.0,0.0,,,,,,,,,,,,
923,SWIR,"Sierra Wireless, Inc.",,,,,,,,,,,,,Technology,Communication Equipment,9/12/20,,1300.0,0.0,-21.79,-13.65,1.99,,,,,,,,,
924,SWK,Stanley Black & Decker,60.0,,,,,8/4/18,13982400000.0,0.097,605200000.0,-0.506,19408000000.0,20610300000,Industrials,Tools & Accessories,9/12/20,,59438.0,1.78,4.24,11.43,11.81,,,,,,,,,
925,SWKS,Skyworks Solutions,36.0,3.2,,,maybe,9/8/19,,,,,,,Technology,Semiconductors,9/12/20,,9000.0,1.48,9.54,10.17,22.88,,,,,,,,,
926,SWN,Southwestern Energy,19.0,,,,,8/4/18,,,,,,,Energy,Oil & Gas E&P,9/12/20,,923.0,0.0,-24.37,-31.41,-23.34,,,,,,,,,
927,SYF,Synchrony Financial,,,,,no,8/4/18,18253000000.0,0.093,2790000000.0,0.442,107000000000.0,22644600000,Financial Services,Credit Services,9/12/20,,16500.0,,-1.12,-1.64,,,,,,,,,,
928,SYK,Stryker,,,,,,8/4/18,13601000000.0,0.093,3553000000.0,2.483,27229000000.0,73695700000,Healthcare,Medical Devices,9/12/20,,40000.0,1.14,13.15,16.22,16.57,,,,,,,,,
929,SYMC,Symantec,48.0,,,,,8/4/18,,,,,,,Technology,Software - Application,9/12/20,,,,3.46,,,,,,,,,,,
930,SYY,Sysco,57.0,,,,,8/4/18,,,,,,,Consumer Defensive,Food Distribution,9/12/20,,57000.0,2.91,7.92,11.71,10.06,0.0,0.0,0.0,0.0,,0.0,0.0,0.0,
931,T,AT&T,47.0,,,,no,8/4/18,171000000000.0,0.064,19370000000.0,-0.342,532000000000.0,2.28E+11,Communication Services,Telecom Services,9/12/20,,243000.0,7.19,-0.61,3.55,5.58,,,,,,,,,
932,TA,TravelCenters of America,,,,,,,6973600000.0,0.152,-120600000.0,-14.016,1442100000.0,166000000,Consumer Cyclical,Specialty Retail,9/12/20,,15279.0,0.0,4.51,-18.44,3.11,,,,,,,,,
933,TAP,Molson Coors Brewing,,,,,,,10769600000.0,-0.021,1116500000.0,-0.287,30109800000.0,12958000000,Consumer Defensive,Beverages—Brewers,9/12/20,,17700.0,0.0,-23.73,-9.14,1.22,,,,,,,,,
934,TATN.ME,PJSC Tatneft,,,,,,,,,,,,,Energy,Oil & Gas Integrated,9/12/20,,,14.04,,,,,,,,,,,,
935,TCEHY,Tencent Holdings Ltd,,,,,,,,,,,,,Communication Services,Internet Content & Information,9/12/20,,70756.0,0.24,15.95,32.14,33.0,,,,,,,,,
936,TCS,Tata Consultancy Services,60.0,,,,,8/4/18,,,,,,,Consumer Cyclical,Specialty Retail,9/12/20,,3500.0,0.0,-0.32,-24.03,,,,,,,,,,
937,TD,The Toronto-Dominion Bank,,,,,,,,,,,,,Financial Services,Banks—Diversified,9/12/20,,89566.0,5.04,-0.25,8.1,6.07,,,,,,,,,
938,TDG,TransDigm Group,10.0,1.8,,,,9/8/19,,,,,,,Industrials,Aerospace & Defense,9/12/20,,18300.0,0.0,30.62,21.83,27.17,,,,,,,,,
939,TDOC,Teladoc,,,,,,,,,,,,,Healthcare,Health Information Services,9/12/20,,2727.0,0.0,77.87,51.88,,,,,,,,,,
940,TEAM,Atlassian Corporation,,,,,,,,,,,,,Technology,Software—Application,9/12/20,,4907.0,0.0,68.51,,,,,,,,,,,
941,TECD,Tech Data,56.0,3.3,,,maybe,9/8/19,37239000000.0,0.013,340600000.0,1.92,12986600000.0,3779000000,Technology,Computer Distribution,9/12/20,,14000.0,0.0,,,,,,,,,,,,
942,TECHM.NS,Tech Mahindra Limited,,,,,,,,,,,,,Technology,Information Technology Services,9/12/20,,123416.0,3.87,,,,,,,,,,,,
943,TECK,Teck Resources Limited,,,,,,,,,,,,,Basic Materials,Other Industrial Metals & Mining,9/12/20,,10100.0,1.29,-15.94,16.54,-7.34,0.0,0.0,0.0,0.0,,0.0,0.0,1.0,
944,TEL,TE Connectivity Ltd.,47.0,3.5,,,,9/8/19,,,,,,,Technology,Electronic Components,9/12/20,,80000.0,1.96,8.42,11.8,15.45,0.0,0.0,0.0,0.0,,0.0,0.0,0.0,
945,TEN,Tenneco,,,,,,,11763000000.0,0.268,55000000.0,-0.734,13232000000.0,1793200000,Consumer Cyclical,Auto Parts,9/12/20,,78000.0,0.0,-44.17,-26.15,-8.58,,,,,,,,,
946,TER,Teradyne,,,,,no,8/4/18,,,,,,,Technology,Semiconductor Equipment & Materials,9/12/20,,5500.0,0.53,28.6,33.73,23.2,,,,,,,,,
947,TEVA,Teva Pharmaceutical Industries,,,,,,8/4/18,,,,,,,Healthcare,Drug Manufacturers—Specialty & Generic,9/12/20,,40039.0,0.0,-21.72,-29.18,-10.88,,,,,,,,,
948,TGI,Triumph Group,17.0,,,,,8/4/18,,,,,,,Industrials,Aerospace & Defense,9/12/20,,9989.0,2.58,-35.94,-31.38,-13.91,,,,,,,,,
949,TGNA,TEGNA,49.0,,,,,8/4/18,,,,,,,Communication Services,Broadcasting,9/12/20,,6883.0,2.34,1.49,-1.0,8.75,,,,,,,,,
950,TGT,Target,47.0,,,,,8/4/18,75356000000.0,0.048,2937000000.0,0.001,41290000000.0,41440900000,Consumer Defensive,Discount Stores,9/12/20,,368000.0,1.86,39.27,15.41,12.16,,,,,,,,,
951,THC,Tenet Healthcare,,,,,,,18313000000.0,-0.112,111000000.0,-,22409000000.0,2968600000,Healthcare,Medical Care Facilities,9/12/20,,88608.0,0.0,19.37,-9.01,5.06,,,,,,,,,
952,THO,Thor Industries,,,,,,,8328900000.0,0.149,430200000.0,0.149,2778700000.0,3434300000,Consumer Cyclical,Recreational Vehicles,9/12/20,,21750.0,1.68,-4.06,12.96,15.71,,,,,,,,,
953,THS,TreeHouse Foods,,,,,,,5812100000.0,-0.078,-61400000.0,-,5599300000.0,3614100000,Consumer Defensive,Packaged Foods,9/12/20,,10800.0,0.0,-15.46,-13.12,-0.42,,,,,,,,,
954,TIF,Tiffany,46.0,,,,,8/4/18,,,,,,,Consumer Cyclical,Luxury Goods,9/12/20,,14100.0,2.03,7.99,9.12,11.86,,,,,,,,,
955,TIVO,TiVo Corporation,,,,,,,,,,,,,Technology,Software - Application,9/12/20,,,0.0,,,,,,,,,,,,
956,TJX,TJX,65.0,,,,,8/4/18,38972900000.0,0.087,3059800000.0,0.173,14326000000.0,65615700000,Consumer Cyclical,Apparel Retail,9/12/20,,286000.0,0.0,15.53,9.77,19.0,,,,,,,,,
957,TKC,TeurkcellIletisimHizmetlieri AS,,,,,,,,,,,,,Communication Services,Telecom Services,9/12/20,,,8.43,-14.57,-6.47,-6.96,,,,,,,,,
958,TLRY,Tilray Cannabis,,,,,,,,,,,,,Healthcare,Drug Manufacturers—Specialty & Generic,9/12/20,,1646.0,0.0,,,,,,,,,,,,
959,TMK,Torchmark,42.0,,,,,8/4/18,,,,,,,Financial Services,Insurance - Life,9/12/20,,,,-25.31,-21.52,-34.7,,,,,,,,,
960,TMO,Thermo Fisher Scientific,57.0,,,,,8/4/18,24358000000.0,0.164,2938000000.0,0.32,56232000000.0,1.09E+11,Healthcare,Diagnostics & Research,9/12/20,,75000.0,0.21,30.81,28.72,25.27,,,,,,,,,
961,TMUS,T-Mobile,,,,,no,8/4/18,,,,,,,Communication Services,Telecom Services,9/12/20,,53000.0,0.0,20.97,22.88,19.91,,,,,,,,,
962,TOL,"Toll Brothers, Inc.",,,,,,,7143300000.0,0.228,748200000.0,0.397,10244600000.0,5283000000,Consumer Cyclical,Residential Construction,9/12/20,,5100.0,1.02,4.88,4.11,9.51,,,,,,,,,
963,TOUR,Tuniu Corporation,,,,,,,,,,,,,Consumer Cyclical,Travel Services,9/12/20,,6188.0,0.0,-49.48,-39.99,,,,,,,,,,
964,TPR,Tapestry,,,,,,,5880000000.0,0.31,397500000.0,-0.327,6678300000.0,9421400000,Consumer Cyclical,Luxury Goods,9/12/20,,12400.0,0.0,-21.78,-5.47,-3.25,,,,,,,,,
965,TPX,"Tempur Sealy International, Inc.",,,,,,,,,,,,,Consumer Cyclical,"Furnishings, Fixtures & Appliances",9/12/20,,7400.0,0.0,12.48,2.21,11.52,,,,,,,,,
966,TREX,Trex,,,,,,,,,,,,,Industrials,Building Products & Equipment,9/12/20,,1332.0,0.0,50.43,48.32,38.89,,,,,,,,,
967,TRGP,Targa Resources,,,,,,,10484000000.0,0.189,1600000.0,-0.97,16938200000.0,9645600000,Energy,Oil & Gas Midstream,9/12/20,,2680.0,2.68,-19.22,-12.14,,,,,,,,,,
968,TRIP,TripAdvisor,38.0,,,,,8/4/18,,,,,,,Consumer Cyclical,Travel Services,9/12/20,,2926.0,0.0,,,,,,,,,,,,
969,TROW,T. Rowe Price,60.0,,,,,8/4/18,,,,,,,Financial Services,Asset Management,9/12/20,,7527.0,2.87,17.3,14.27,11.85,,,,,,,,,
970,TRV,Travelers Cos.,71.0,,,,,8/4/18,30282000000.0,0.048,2523000000.0,0.227,104000000000.0,36126700000,Financial Services,Insurance—Property & Casualty,9/12/20,,30800.0,3.04,0.09,5.21,10.66,,,,,,,,,
971,TS,Tenaris S.A.,,,,,,,,,,,,,Energy,Oil & Gas Equipment & Services,9/12/20,,23200.0,7.69,-21.9,-10.14,-6.26,,,,,,,,,
972,TSCO,Tractor Supply,41.0,,,,,8/4/18,7911000000.0,0.09,532400000.0,0.26,3085300000.0,11839700000,Consumer Cyclical,Specialty Retail,9/12/20,,38000.0,1.16,32.45,10.28,22.99,,,,,,,,,
973,TSLA,Tesla,63.0,,,,no,8/4/18,21461300000.0,0.825,-976100000.0,-,29739600000.0,48337800000,Consumer Cyclical,Auto Manufacturers,9/12/20,,48016.0,0.0,72.4,49.42,57.24,,,,,,,,,
974,TSLX,TPG Speciality Lending,,,,,,,,,,,,,Financial Services,Asset Management,9/12/20,,,9.58,5.04,8.76,,,,,,,,,,
975,TSM,Taiwan Semiconductor Manufacturing Co,,,,,maybe,8/4/18,,,,,,,Technology,Semiconductors,9/12/20,,,2.14,29.94,33.73,24.94,,,,,,,,,
976,TSN,Tyson Foods,59.0,,,,,8/4/18,40052000000.0,0.047,3024000000.0,0.705,29109000000.0,25360500000,Consumer Defensive,Farm Products,9/12/20,,141000.0,2.65,1.27,9.9,15.45,,,,,,,,,
977,TSS,Total System Services,44.0,,,,,8/4/18,,,,,,,Technology,Software - Infrastructure,9/12/20,,,,,,,,,,,,,,,
978,TTD,"The Trade Desk, Inc.",,,,,,,,,,,,,Technology,Software—Application,9/12/20,,1310.0,0.0,90.49,,,,,,,,,,,
979,TTM,Tata Motors Ltd,,,,,,,,,,,,,Consumer Cyclical,Auto Manufacturers,9/12/20,,78906.0,0.0,-31.14,-17.66,-7.1,,,,,,,,,
980,TTMI,"TTM Technologies, Inc.",,,,,,,,,,,,,Technology,Electronic Components,9/12/20,,25700.0,0.0,-8.23,12.25,2.99,,,,,,,,,
981,TTWO,Take-Two Interactive Software,,,,,,8/4/18,,,,,,,Communication Services,Electronic Gaming & Multimedia,9/12/20,,5800.0,0.0,15.32,39.39,31.99,,,,,,,,,
982,TU,Telus Corp,61.0,,,,,8/4/18,,,,,,,Communication Services,Telecom Services,9/12/20,,65600.0,4.93,4.3,6.72,9.7,,,,,,,,,
983,TUP,Tupperware Brands Corporation,,,,,,,,,,,,,Consumer Cyclical,Packaging & Containers,9/12/20,,11300.0,0.0,-21.65,-8.19,0.13,,,,,,,,,
984,TW,Tradeweb,,,,,yes,,,,,,,,Financial Services,Capital Markets,9/12/20,,919.0,0.58,,,,,,,,,,,,
985,TW.L,Taylor Wimpey Plc,,,,,,,,,,,,,Consumer Cyclical,Residential Construction,9/12/20,,6024.0,0.0,,,,,,,,,,,,
986,TWLO,Twilio,,,,,,,,,,,,,Communication Services,Internet Content & Information,9/12/20,,3284.0,0.0,94.18,,,,,,,,,,,
987,TWTR,Twitter,64.0,,,,,8/4/18,,,,,,,Communication Services,Internet Content & Information,9/12/20,,5200.0,0.0,30.15,7.28,,,,,,,,,,
988,TWX,Time Warner,46.0,,,,,8/4/18,,,,,,,Consumer Discretionary,Broadcasting & Cable TV,9/12/20,,,,,,,,,,,,,,,
989,TXN,Texas Instruments,78.0,,,,maybe,8/4/18,15784000000.0,0.055,5580000000.0,0.515,17137000000.0,99559200000,Technology,Semiconductors,9/12/20,,29768.0,2.62,20.75,25.53,20.5,,,,,,,,,
990,TXT,Textron,50.0,,,,,8/4/18,13972000000.0,-0.016,1222000000.0,2.98,14264000000.0,11846700000,Industrials,Aerospace & Defense,9/12/20,,35000.0,0.21,-8.67,-0.69,7.66,,,,,,,,,
991,UA,Under Armour,67.0,,,,,8/4/18,,,,,,,Consumer Cyclical,Apparel Manufacturing,9/12/20,,7000.0,0.0,-15.38,,,,,,,,,,,
992,UAL,United Continental Holdings,67.0,,,,no,8/4/18,41303000000.0,0.095,2129000000.0,-0.001,44792000000.0,21279500000,Industrials,Airlines,9/12/20,,91800.0,0.0,-15.82,-8.69,5.64,,,,,,,,,
993,UBER,Uber,,,,,,,,,,,,,Technology,Software—Application,9/12/20,,22400.0,0.0,,,,,,,,,,,,
994,UBS,UBS Group AG,,,,,,,,,,,,,Financial Services,Banks—Diversified,9/12/20,,69931.0,2.96,,,,,,,,,,,,
995,UBSI,"United Bankshares, Inc.",,,,,,,,,,,,,Financial Services,Banks—Regional,9/12/20,,3039.0,5.68,-4.66,-3.21,4.46,,,,,,,,,
996,UBX,Unity Biotechnology,,,,,,,,,,,,,Healthcare,Biotechnology,9/12/20,,100.0,0.0,,,,,,,,,,,,
997,UDR,UDR Inc,71.0,,,,,8/4/18,,,,,,,Real Estate,REIT—Residential,9/12/20,,1330.0,4.21,-2.1,4.22,7.88,,,,,,,,,
998,UGI,UGI,,,,,,,7651200000.0,0.25,718700000.0,0.646,11980900000.0,9634400000,Utilities,Utilities—Regulated Gas,9/12/20,,12800.0,4.01,-9.8,2.59,8.22,,,,,,,,,
999,UHS,Universal Health Services,47.0,,,,,8/4/18,10772300000.0,-0.045,779700000.0,0.036,11265500000.0,12144300000,Healthcare,Medical Care Facilities,9/12/20,,90000.0,0.0,0.56,-2.85,13.15,,,,,,,,,
1000,UIVAX,USAA,,,,,no,,31367800000.0,0.045,2291900000.0,-0.054,159000000000.0,#VALUE!,,,9/12/20,,33689.0,,,,,,,,,,,,,
1001,UL,Unilever,68.0,4.0,,,yes,9/8/19,,,,,,,Consumer Defensive,Household & Personal Products,9/12/20,,149867.0,3.07,4.16,12.16,10.88,,,,,,,,,
1002,ULTA,Ulta Beauty,47.0,,,,,8/4/18,6716600000.0,0.141,658600000.0,0.186,3191200000.0,20683900000,Consumer Cyclical,Specialty Retail,9/12/20,,18000.0,0.0,0.04,6.76,24.25,,,,,,,,,
1003,ULTI,Ultimate Software,93.0,,,,,8/4/18,,,,,,,Technology,Software - Infrastructure,9/12/20,,,,,,,,,,,,,,,
1004,UNFI,United Natural Foods,31.0,,,,,8/4/18,10226700000.0,0.103,165700000.0,0.273,2964500000.0,671800000,Consumer Defensive,Food Distribution,9/12/20,,19000.0,0.0,-22.17,-19.72,-6.68,,,,,,,,,
1005,UNH,United Health Group Inc.,57.0,,,,,8/4/18,226000000000.0,0.125,11986000000.0,0.135,152000000000.0,2.37E+11,Healthcare,Healthcare Plans,9/12/20,,325000.0,1.64,16.23,21.82,25.1,,,,,,,,,
1006,UNM,Unum Group,70.0,,,,,8/4/18,11598500000.0,0.028,523400000.0,-0.474,61875600000.0,7260800000,Financial Services,Insurance—Life,9/12/20,,10300.0,6.22,-23.4,-6.7,1.68,,,,,,,,,
1007,UNP,Union Pacific,44.0,,,,,8/4/18,22832000000.0,0.075,5966000000.0,-0.443,59147000000.0,1.21E+11,Industrials,Railroads,9/12/20,,31965.0,2.01,24.03,19.62,18.69,,,,,,,,,
1008,UNVR,Univar,,,,,,,8632500000.0,0.046,172300000.0,0.438,5272400000.0,3760500000,Basic Materials,Chemicals,9/12/20,,10300.0,0.0,-14.94,-5.41,,,,,,,,,,
1009,UPS,United Parcel Service,54.0,,,,,8/4/18,71861000000.0,0.091,4791000000.0,-0.024,50016000000.0,96116300000,Industrials,Integrated Freight & Logistics,9/12/20,,260280.0,2.56,13.57,12.68,10.79,,,,,,,,,
1010,URBN,Urban Outfitters,35.0,,,,,8/4/18,,,,,,,Consumer Cyclical,Apparel Retail,9/12/20,,9600.0,0.0,,,,,,,,,,,,
1011,URI,United Rentals,68.0,,,,no,8/4/18,8047000000.0,0.212,1096000000.0,-0.186,18133000000.0,9002200000,Industrials,Rental & Leasing Services,9/12/20,,19100.0,0.0,11.78,20.25,29.02,,,,,,,,,
1012,USAC,Usa Compression Partners LP,84.0,,,,,8/4/18,,,,,,,Energy,Oil & Gas Equipment & Services,9/12/20,,,19.74,3.55,4.6,,,,,,,,,,
1013,USB,U.S. Bancorp,62.0,,,,,8/4/18,25775000000.0,0.074,7096000000.0,0.141,467000000000.0,77116500000,Financial Services,Banks—Regional,9/12/20,,70000.0,4.7,-6.91,1.01,7.56,,,,,,,,,
1014,USFD,US Foods Holding,43.0,3.2,,,,9/8/19,24175000000.0,0.001,407000000.0,-0.084,9186000000.0,7597800000,Consumer Defensive,Food Distribution,9/12/20,,28000.0,0.0,-4.77,,,,,,,,,,,
1015,UTX,United Technologies,51.0,,,,,8/4/18,66501000000.0,0.111,5269000000.0,0.158,134000000000.0,1.11E+11,Industrials,Aerospace & Defense,9/12/20,,240200.0,0.0,5.87,10.3,,,,,,,,,,
1016,V,Visa,57.0,,,,yes,8/4/18,20609000000.0,0.123,10301000000.0,0.538,69225000000.0,3.44E+11,Financial Services,Credit Services,9/12/20,,19500.0,0.6,24.27,23.7,28.35,,,,,,,,,
1017,VAC,Marriott Vacations Worldwide,68.0,,,,yes,8/4/18,,,,,,,Consumer Cyclical,Resorts & Casinos,9/12/20,,22000.0,2.24,-4.11,7.65,,,,,,,,,,
1018,VAR,Varian Medical Systems,60.0,,,,,8/4/18,,,,,,,Healthcare,Medical Instruments & Supplies,9/12/20,,10000.0,0.0,17.37,18.41,12.2,,,,,,,,,
1019,VC,Visteon,34.0,,,,,8/4/18,,,,,,,Consumer Cyclical,Auto Parts,9/12/20,,10000.0,0.0,-13.49,2.96,,,,,,,,,,
1020,VEDL,Vedanta Limited,,,,,,,,,,,,,Basic Materials,Other Industrial Metals & Mining,9/12/20,,80000.0,4.57,-22.5,12.79,,,,,,,,,,
1021,VEEV,Veeva Systems Inc,,,,,,,,,,,,,Healthcare,Health Information Services,9/12/20,,3501.0,0.0,66.05,59.59,,,,,,,,,,
1022,VFC,V.F. Corp.,55.0,,,,,8/4/18,12862300000.0,0.037,658600000.0,0.071,10311300000.0,34382100000,Consumer Cyclical,Apparel Manufacturing,9/12/20,,48000.0,2.81,,,,,,,,,,,,
1023,VGR,Vector Group Ltd.,,,,,,,,,,,,,Consumer Defensive,Tobacco,9/12/20,,1418.0,7.76,-8.82,-2.06,5.97,,,,,,,,,
1024,VIAB,Viacom,39.0,,,,,8/4/18,,,,,,,Consumer Cyclical,Media - Diversified,9/12/20,,,,,,,,,,,,,,,
1025,VIPS,Vipshop Holdings Limited,,,,,,,,,,,,,Consumer Cyclical,Internet Retail,9/12/20,,20442.0,0.0,20.13,0.07,,,,,,,,,,
1026,VIR,Vir Biotech,,,,,,,,,,,,,Healthcare,Biotechnology,9/12/20,,253.0,0.0,,,,,,,,,,,,
1027,VIRT,Virtu Financial,,,,,,,,,,,,,Financial Services,Capital Markets,9/12/20,,1012.0,3.51,21.12,6.48,,,,,,,,,,
1028,VIV,Telefonica Brasil,,,,,,,,,,,,,Communication Services,Telecom Services,9/12/20,,32793.0,3.44,-10.57,4.7,-1.03,,,,,,,,,
1029,VLO,Valero Energy,69.0,,,,,8/4/18,111000000000.0,0.26,3122000000.0,-0.232,50155000000.0,35426100000,Energy,Oil & Gas Refining & Marketing,9/12/20,,10222.0,8.59,-6.63,-0.35,14.54,,,,,,,,,
1030,VMC,Vulcan Materials,62.0,,,,,8/4/18,,,,,,,Basic Materials,Building Materials,9/12/20,,9173.0,1.1,3.47,5.78,13.2,,,,,,,,,
1031,VNO,Vornado Realty Trust,58.0,,,,,8/4/18,,,,,,,Real Estate,REIT—Office,9/12/20,,4008.0,6.29,-16.78,-11.46,-1.23,,,,,,,,,
1032,VOO,Vanguard SP 500 ETF,,,,,,,,,,,,,,,9/12/20,,,,,,,,,,,,,,,
1033,VOYA,Voya Financial,48.0,3.4,,,,9/8/19,8934000000.0,-0.075,875000000.0,-,155000000000.0,7291000000,Financial Services,Financial Conglomerates,9/12/20,,6000.0,1.24,10.54,3.2,,,,,,,,,,
1034,VRS,Verso Corp,,,,,,,,,,,,,Basic Materials,Paper & Paper Products,9/12/20,,3700.0,3.1,,,,,,,,,,,,
1035,VRSK,Verisk Analytics,57.0,,,,,8/4/18,,,,,,,Industrials,Consulting Services,9/12/20,,9060.0,0.59,30.71,19.92,20.73,,,,,,,,,
1036,VRSN,Verisign Inc.,74.0,,,,no,8/4/18,,,,,,,Technology,Software—Infrastructure,9/12/20,,872.0,0.0,23.71,23.43,20.78,,,,,,,,,
1037,VRTV,Veritiv,,,,,,,8696200000.0,0.04,-15700000.0,-,2529700000.0,418500000,Industrials,Business Equipment & Supplies,9/12/20,,8000.0,0.0,-21.54,-17.28,,,,,,,,,,
1038,VRTX,Vertex Pharmaceuticals Inc,76.0,3.8,,,maybe,8/4/18,,,,,,,Healthcare,Biotechnology,9/12/20,,3000.0,0.0,17.8,13.99,21.61,,,,,,,,,
1039,VSAT,Visasat,,,,,,,,,,,,,Technology,Communication Equipment,9/12/20,,6100.0,0.0,-15.77,-10.69,-0.32,,,,,,,,,
1040,VST,Vistra Energy,,,,,,,9144000000.0,0.684,-54000000.0,-,26024000000.0,12647800000,Utilities,Utilities—Independent Power Producers,9/12/20,,5475.0,2.93,2.85,,,,,,,,,,,
1041,VTR,Ventas,76.0,,,,,8/4/18,,,,,,,Real Estate,REIT—Healthcare Facilities,9/12/20,,516.0,4.13,-9.06,2.02,4.47,,,,,,,,,
1042,VZ,Verizon,48.0,,,,no,8/4/18,131000000000.0,0.038,15528000000.0,-0.484,265000000000.0,2.44E+11,Communication Services,Telecom Services,9/12/20,,135300.0,4.22,13.12,9.38,10.27,,,,,,,,,
1043,W,Wayfair,,,,,,,6779200000.0,0.436,-504100000.0,-,1890900000.0,13524300000,Consumer Cyclical,Internet Retail,9/12/20,,16200.0,0.0,48.47,50.16,,,,,,,,,,
1044,WAT,Waters,77.0,,,,,8/4/18,,,,,,,Healthcare,Diagnostics & Research,9/12/20,,7000.0,0.0,2.55,10.36,11.95,,,,,,,,,
1045,WB,Weibo Corporation,,,,,,,,,,,,,Communication Services,Internet Content & Information,9/12/20,,4126.0,0.0,-32.18,23.17,,,,,,,,,,
1046,WBA,Walgreens Boots Alliance,40.0,,,,,8/4/18,132000000000.0,0.113,5024000000.0,0.232,68124000000.0,59691700000,Healthcare,Pharmaceutical Retailers,9/12/20,,232000.0,5.39,-21.4,-13.83,5.28,,,,,,,,,
1047,WBAI,500.com Limited,,,,,,,,,,,,,Consumer Cyclical,Gambling,9/12/20,,,0.0,-32.75,-25.8,,,,,,,,,,
1048,WBK,Westpac Banking Group,,,,,,,,,,,,,Financial Services,Banks—Diversified,9/12/20,,30913.0,0.0,-15.02,-3.73,1.9,,,,,,,,,
1049,WCC,WESCO International,26.0,,,,,8/4/18,8176600000.0,0.065,227300000.0,0.391,4605000000.0,2395800000,Industrials,Industrial Distribution,9/12/20,,18000.0,0.0,-5.26,-3.39,2.47,,,,,,,,,
1050,WCG,WellCare Health Plans,66.0,3.8,,,maybe,9/8/19,20414100000.0,0.2,439800000.0,0.177,11764700000.0,13569000000,Healthcare,Health Care Plans,9/12/20,,12000.0,,,,,,,,,,,,,
1051,WDAY,Workday,,,,,,,,,,,,,Technology,Software—Application,9/12/20,,12300.0,0.0,23.95,23.64,,,,,,,,,,
1052,WDC,Western Digital,51.0,,,,,8/4/18,20647000000.0,0.081,675000000.0,0.7,29235000000.0,13978300000,Technology,Computer Hardware,9/12/20,,63800.0,0.0,-21.13,-10.26,7.1,,,,,,,,,
1053,WEC,WEC Energy Group,8.0,,,,,8/4/18,7679500000.0,0.004,1059300000.0,-0.12,33475800000.0,24945800000,Utilities,Utilities—Regulated Electric,9/12/20,,7500.0,2.64,15.37,17.44,14.79,,,,,,,,,
1054,WEN,Wendys,,,,,,,,,,,,,Consumer Cyclical,Restaurants,9/12/20,,13300.0,0.92,14.99,20.07,17.63,,,,,,,,,
1055,WES.AX,Wesfarmers Limited,,,,,,,,,,,,,Consumer Cyclical,Home Improvement Retail,9/12/20,,,3.42,,,,,,,,,,,,
1056,WFC,Wells Fargo,54.0,,,,,8/4/18,101000000000.0,0.034,22393000000.0,0.009,1900000000000.0,2.19E+11,Financial Services,Banks—Diversified,9/12/20,,266300.0,1.67,-16.64,-9.25,3.8,,,,,,,,,
1057,WHR,Whirlpool,44.0,,,,,8/4/18,21037000000.0,-0.01,-183000000.0,-1.523,18347000000.0,8454600000,Consumer Cyclical,"Furnishings, Fixtures & Appliances",9/12/20,,77000.0,2.83,2.47,3.62,10.97,,,,,,,,,
1058,WIN,Windstream Holdings,21.0,,,,,8/4/18,,,,,,,Communication Services,Telecom Services,9/12/20,,,0.0,-15.66,-17.29,1.51,,,,,,,,,
1059,WIPRO.BO,Wipro Limited,,,,,,,,,,,,,Technology,Information Technology Services,9/12/20,,181804.0,0.7,,,,,,,,,,,,
1060,WLK,Westlake Chemical,,,,,,,8635000000.0,0.074,996000000.0,-0.236,11602000000.0,8718300000,Basic Materials,Specialty Chemicals,9/12/20,,9430.0,1.74,-4.69,5.98,18.21,,,,,,,,,
1061,WLTW,Willis Towers Watson,53.0,,,,,8/4/18,,,,,,,Financial Services,Insurance Brokers,9/12/20,,45000.0,1.31,12.11,14.12,10.99,,,,,,,,,
1062,WM,Waste Management,58.0,,,,,8/4/18,14914000000.0,0.03,1925000000.0,-0.012,22650000000.0,44128700000,Industrials,Waste Management,9/12/20,,44900.0,1.95,15.3,19.61,14.32,,,,,,,,,
1063,WMB,Williams,42.0,,,,,8/4/18,8686000000.0,0.082,-155000000.0,-1.071,45302000000.0,34801100000,Energy,Oil & Gas Midstream,9/12/20,,4812.0,7.93,-6.65,-7.9,7.93,,,,,,,,,
1064,WMC,Western Asset Mortgage Capital Corp,51.0,,,,,8/4/18,,,,,,,Real Estate,REIT—Mortgage,9/12/20,,,0.0,-21.32,-8.54,,,,,,,,,,
1065,WMT,Walmart,44.0,3.2,,,,9/8/19,514000000000.0,0.028,6670000000.0,-0.324,219000000000.0,2.80E+11,Consumer Defensive,Discount Stores,9/12/20,,2200000.0,1.58,21.84,17.86,11.6,,,,,,,,,
1066,WORK,Slack,,,,,,,,,,,,,Technology,Software—Application,9/12/20,,2431.0,0.0,,,,,,,,,,,,
1067,WPC,W.P. Carey,39.0,,,,,8/4/18,,,,,,,Real Estate,REIT—Diversified,9/12/20,,204.0,6.09,4.36,8.95,13.58,,,,,,,,,
1068,WPG,Washington Prime Group Inc,29.0,,,,,8/4/18,,,,,,,Real Estate,REIT—Retail,9/12/20,,754.0,0.0,-29.26,-15.51,,,,,,,,,,
1069,WRB,W.R. Berkley,,,,,,,7691700000.0,0.001,640700000.0,0.167,24896000000.0,10337000000,Financial Services,Insurance—Property & Casualty,9/12/20,,7493.0,0.77,15.0,13.6,14.96,,,,,,,,,
1070,WRK,WestRock,43.0,,,,,8/4/18,16285100000.0,0.096,1906100000.0,1.691,25360500000.0,9793500000,Consumer Cyclical,Packaging & Containers,9/12/20,,45100.0,2.51,-13.51,-5.88,5.96,,,,,,,,,
1071,WSM,"Williams-Sonoma, Inc.",,,,,,,5671600000.0,0.072,333700000.0,0.286,2812800000.0,4434800000,Consumer Cyclical,Specialty Retail,9/12/20,,11600.0,2.12,26.67,5.64,13.77,,,,,,,,,
1072,WTB.L,Whitbread Plc,,,,,,,,,,,,,Consumer Cyclical,Restaurants,9/12/20,,35455.0,0.0,,,,,,,,,,,,
1073,WTR,Aqua America Stock,,,,,yes,,,,,,,,Utilities,Utilities - Regulated Water,9/12/20,,,0.0,-42.03,-32.24,-36.14,,,,,,,,,
1074,WTS,Watts Water Tech,30.0,,,,,8/4/18,,,,,,,Industrials,Specialty Industrial Machinery,9/12/20,,4800.0,0.94,17.26,14.09,12.65,,,,,,,,,
1075,WU,Western Union,48.0,,,,,8/4/18,5589900000.0,0.012,851900000.0,-,8996800000.0,8050900000,Financial Services,Credit Services,9/12/20,,11500.0,4.06,9.03,7.08,5.5,,,,,,,,,
1076,WUBA,58.com Inc.,-1.0,,,,,9/8/19,,,,,,,Communication Services,Internet Content & Information,9/12/20,,21743.0,0.0,-5.65,5.31,,,,,,,,,,
1077,WY,Weyerhaeuser,56.0,,,,,8/4/18,7476000000.0,0.039,748000000.0,0.285,17249000000.0,19663400000,Real Estate,REIT—Specialty,9/12/20,,9400.0,0.0,-1.59,4.63,8.91,,,,,,,,,
1078,WYN,Wyndham Worldwide,43.0,,,,,8/4/18,,,,,,,Consumer Discretionary,"Hotels, Resorts & Cruise Lines",9/12/20,,,,-10.0,-7.49,4.77,,,,,,,,,
1079,WYNN,Wynn Resorts,64.0,,,,,8/4/18,6717700000.0,0.065,572400000.0,-0.234,13216300000.0,12843500000,Consumer Cyclical,Resorts & Casinos,9/12/20,,30200.0,0.0,-14.84,6.8,4.1,,,,,,,,,
1080,X,United States Steel,13.0,,,,,8/4/18,14178000000.0,0.157,1115000000.0,1.881,10982000000.0,3378500000,Basic Materials,Steel,9/12/20,,27500.0,0.55,-34.12,-10.54,-15.24,,,,,,,,,
1081,XEC,Cimarex Energy,73.0,,,,,8/4/18,,,,,,,Energy,Oil & Gas E&P,9/12/20,,987.0,3.67,-35.97,-23.85,-7.95,,,,,,,,,
1082,XEL,Xcel Energy,38.0,,,,,8/4/18,11537000000.0,0.012,1261000000.0,0.098,45987000000.0,28903800000,Utilities,Utilities—Regulated Electric,9/12/20,,11273.0,2.49,13.36,18.13,13.66,,,,,,,,,
1083,XHW,Sherwin-Williams,,,,,yes,,17534500000.0,0.17,1108700000.0,-0.374,19134300000.0,39918500000,,,9/12/20,,53368.0,,,,,,,,,,,,,
1084,XIACY,Xiaomi,,,,,,,,,,,,,Technology,Consumer Electronics,9/12/20,,18960.0,0.0,,,,,,,,,,,,
1085,XL,XL Catlin,53.0,,,,,8/4/18,,,,,,,Financials,Property & Casualty Insurance,9/12/20,,,,,,,,,,,,,,,
1086,XLNX,Xilinx,65.0,,,,maybe,8/4/18,,,,,,,Technology,Semiconductors,9/12/20,,4891.0,1.54,16.76,20.31,16.17,,,,,,,,,
1087,XOM,Exxon Mobil,58.0,,,,,8/4/18,290000000000.0,0.188,20840000000.0,0.057,346000000000.0,3.42E+11,Energy,Oil & Gas Integrated,9/12/20,,74900.0,9.41,-16.02,-6.14,0.56,,,,,,,,,
1088,XPO,XPO Logistics,67.0,3.8,,,maybe,9/8/19,17279000000.0,0.123,422000000.0,0.24,12270000000.0,5868100000,Industrials,Integrated Freight & Logistics,9/12/20,,96000.0,0.0,12.36,22.13,30.08,,,,,,,,,
1089,XRAY,Dentsply Sirona,51.0,,,,,8/4/18,,,,,,,Healthcare,Medical Instruments & Supplies,9/12/20,,15200.0,0.91,-8.58,-2.69,4.65,,,,,,,,,
1090,XRX,Xerox,22.0,,,,,8/4/18,9830000000.0,-0.042,361000000.0,0.851,14874000000.0,7307600000,Technology,Information Technology Services,9/12/20,,26100.0,5.37,-11.68,-13.99,-4.16,,,,,,,,,
1091,XYF,X Financials,,,,,,,,,,,,,Financial Services,Credit Services,9/12/20,,693.0,0.0,,,,,,,,,,,,
1092,XYL,Xylem,51.0,,,,,8/4/18,,,,,,,Industrials,Specialty Industrial Machinery,9/12/20,,16000.0,1.27,11.51,22.22,,,,,,,,,,
1093,Y,Alleghany,-1.0,,,,,9/8/19,6887200000.0,0.072,39500000.0,-0.561,25344900000.0,8854700000,Financial Services,Insurance—Property & Casualty,9/12/20,,10786.0,0.0,-0.73,3.18,6.52,,,,,,,,,
1094,YELP,Yelp Inc.,,,,,,,,,,,,,Communication Services,Internet Content & Information,9/12/20,,5950.0,0.0,-21.11,-2.78,,,,,,,,,,
1095,YESBANK.NS,Yes Bank Limited,,,,,,,,,,,,,Financial Services,Banks—Regional,9/12/20,,22973.0,0.0,,,,,,,,,,,,
1096,YEXT,Yext,,,,,,,,,,,,,Technology,Software—Infrastructure,9/12/20,,1200.0,0.0,7.54,,,,,,,,,,,
1097,YUM,Yum Brands,60.0,,,,,8/4/18,8415000000.0,0.178,708000000.0,0.757,4610000000.0,17019200000,Consumer Cyclical,Restaurants,9/12/20,,34000.0,2.04,7.67,9.11,11.53,,,,,,,,,
1098,YUM,Yum Brands,60.0,,,,,8/4/18,8415000000.0,0.178,708000000.0,0.757,4610000000.0,17019200000,Consumer Cyclical,Restaurants,9/12/20,,34000.0,2.04,7.67,9.11,11.53,,,,,,,,,
1099,YUM,Yum Brands,60.0,,,,,8/4/18,5688000000.0,-0.032,1542000000.0,0.151,4130000000.0,30583200000,Consumer Cyclical,Restaurants,9/12/20,,34000.0,2.04,7.67,9.11,11.53,,,,,,,,,
1100,YUM,Yum Brands,60.0,,,,,8/4/18,5688000000.0,-0.032,1542000000.0,0.151,4130000000.0,30583200000,Consumer Cyclical,Restaurants,9/12/20,,34000.0,2.04,7.67,9.11,11.53,,,,,,,,,
1101,YY,YY Inc,,,,,no,8/4/18,,,,,,,Communication Services,Internet Content & Information,9/12/20,,9273.0,1.66,-1.37,5.89,,,,,,,,,,
1102,ZAYO,Zayo,,,,,,,,,,,,,,,9/12/20,,,0.0,,,,,,,,,,,,
1103,ZBH,Zimmer Biomet Holdings,33.0,,,,,8/4/18,7932900000.0,0.014,-379200000.0,-1.209,24126800000.0,26124800000,Healthcare,Medical Devices,9/12/20,,19900.0,0.69,7.06,7.52,11.6,,,,,,,,,
1104,ZEN,Zendesk,,,,,,,,,,,,,Technology,Software—Application,9/12/20,,4010.0,0.0,47.6,34.17,,,,,,,,,,
1105,ZG,"Zillow Group, Inc.",,,,,,,,,,,,,Communication Services,Internet Content & Information,9/12/20,,5344.0,0.0,29.44,25.72,,,,,,,,,,
1106,ZION,Zions Bancorp,63.0,,,,,8/4/18,,,,,,,Financial Services,Banks—Regional,9/12/20,,9859.0,4.37,-6.45,4.67,6.18,,,,,,,,,
1107,ZM,Zoom,94.0,4.8,,,yes,,,,,,,,Communication Services,Telecom Services,9/12/20,,3427.0,0.0,,,,,,,,,,,,
1108,ZNGA,Zynga Inc,,,,,,8/4/18,,,,,,,Communication Services,Electronic Gaming & Multimedia,9/12/20,,1883.0,0.0,30.7,27.58,,,,,,,,,,
1109,ZTS,Zoetis,52.0,,,,,8/4/18,5825000000.0,0.098,1428000000.0,0.653,10777000000.0,48198000000,Healthcare,Drug Manufacturers—Specialty & Generic,9/12/20,,10600.0,0.51,34.96,29.08,,,,,,,,,,
1110,YNDX,Yandex,,,,,,,,,,,,,Communication Services,Internet Content & Information,9/12/20,,10227.0,0.0,23.14,40.55,,,,,,,,,,
1111,GOGO,Gogo,,,,,,,,,,,,,Communication Services,Telecom Services,9/12/20,,1115.0,0.0,-13.26,-9.04,,,,,,,,,,
1112,BLDP,Ballard Power Systems,,,,,,,,,,,,,Industrials,Specialty Industrial Machinery,9/12/20,,703.0,0.0,57.38,57.15,22.87,,,,,,,,,
1113,CY,Cypress Semiconductor Corp,,,,,,,,,,,,,,,9/12/20,,,0.0,,,,,,,,,,,,
1114,SDRL,Seadrill,,,,,,,,,,,,,,,9/12/20,,,0.0,,,,,,,,,,,,
1115,BNGO,Bionano Genomics,,,,,,,,,,,,,Healthcare,Diagnostics & Research,9/12/20,,97.0,0.0,,,,,,,,,,,,
1116,AOBC,American Outdoor Brands,,,,,,,,,,,,,,,9/12/20,,,0.0,,,,,,,,,,,,
1117,TRXC,TransEnterix,,,,,,,,,,,,,Healthcare,Medical Devices,9/12/20,,160.0,0.0,-71.78,-60.65,-44.46,,,,,,,,,
1118,OKTA,Okta,,,,,,,,,,,,,Technology,Software—Infrastructure,9/12/20,,2489.0,0.0,85.81,,,,,,,,,,,
1119,SRNE,Sorrento Therapeutics,,,,,,,,,,,,,Healthcare,Biotechnology,9/12/20,,310.0,0.0,51.29,-14.12,-17.59,,,,,,,,,
1120,CODX,Co-Diagnostics,,,,,,,,,,,,,Healthcare,Diagnostics & Research,9/12/20,,39.0,0.0,31.86,,,,,,,,,,,
1121,BPTH,Bio-Path,,,,,,,,,,,,,Healthcare,Biotechnology,9/12/20,,9.0,0.0,-60.14,-55.7,-26.28,,,,,,,,,
1122,DYNT,Dynatronics,,,,,,,,,,,,,Healthcare,Medical Devices,9/12/20,,269.0,0.0,-35.49,-25.69,-14.74,,,,,,,,,
1123,AHPI,Allied Healthcare,,,,,,,,,,,,,Healthcare,Medical Devices,9/12/20,,181.0,0.0,39.65,14.27,-4.0,,,,,,,,,
1124,OBSV,Observa SA,,,,,,,,,,,,,Healthcare,Biotechnology,9/12/20,,53.0,0.0,-26.65,,,,,,,,,,,
1125,RCUS,Arcus Biosciences,,,,,,,,,,,,,Healthcare,Biotechnology,9/12/20,,139.0,0.0,,,,,,,,,,,,
1126,AEMD,Aethlon Medical,,,,,,,,,,,,,Healthcare,Medical Devices,9/12/20,,8.0,0.0,-64.51,-59.2,-39.23,,,,,,,,,
1127,DRAD,Digirad Corp,,,,,,,,,,,,,Healthcare,Medical Devices,9/12/20,,618.0,0.0,-48.32,-25.84,-4.01,,,,,,,,,
1128,OPK,OPKO Health,,,,,,,,,,,,,Healthcare,Diagnostics & Research,9/12/20,,6096.0,0.0,-21.62,-21.59,3.65,,,,,,,,,
1129,NNVC,NanoViricides,,,,,,,,,,,,,Healthcare,Biotechnology,9/12/20,,17.0,0.0,-47.65,-27.95,-26.01,,,,,,,,,
1130,CHWY,Chewy,40.0,2.9,,,,9/12/19,,,,,,,Consumer Cyclical,Internet Retail,9/12/20,,12000.0,0.0,,,,,,,,,,,,
1131,TRP,TC Energy,,,,,,,,,,,,,Energy,Oil & Gas Midstream,9/12/20,,7305.0,5.34,0.44,11.58,5.7,,,,,,,,,
1132,FTS,Fortis,,,,,,,,,,,,,Utilities,Utilities—Regulated Electric,9/12/20,,9000.0,3.64,5.75,12.05,5.52,,,,,,,,,
1133,RNW,Transalta Renewables,,,,,,,,,,,,,,,9/12/20,,,,8.47,14.26,,,,,,,,,,
1134,NLOK,NortonLifeLock,,,,,,,,,,,,,Technology,Software—Infrastructure,9/12/20,,3600.0,2.23,1.48,14.29,10.54,,,,,,,,,
1135,STOR,STORE Capital,,,,,,,,,,,,,Real Estate,REIT—Diversified,9/12/20,,96.0,4.95,6.86,10.65,,,,,,,,,,
1136,Gold,Barrick Gold,,,,,,,,,,,,,Basic Materials,Gold,9/12/20,,,1.06,20.31,36.88,-3.08,,,,,,,,,
1137,LSXMK,Liberty SiriusXM,,,,,,,,,,,,,Communication Services,Broadcasting,9/12/20,,,0.0,-7.1,,,,,,,,,,,
1138,ANTHM,Anthem,,,,,,,92105000000.0,0.023,3750000000.0,-0.024,71571000000.0,73826600000,,,9/13/20,,63900.0,,,,,,,,,,,,,
1139,VIA,Viacom,,,,,,,12943000000.0,-0.024,1719000000.0,-0.083,23783000000.0,11530700000,,,9/13/20,,10880.0,,,,,,,,,,,,,
